0 verbose cli C:\Program Files\nodejs\node.exe C:\Program Files\nodejs\node_modules\npm\bin\npm-cli.js
1 info using npm@10.8.2
2 info using node@v18.20.5
3 silly config load:file:C:\Program Files\nodejs\node_modules\npm\npmrc
4 silly config load:file:E:\sultan\project\.npmrc
5 silly config load:file:C:\Users\saadr\.npmrc
6 silly config load:file:C:\Users\saadr\AppData\Roaming\npm\etc\npmrc
7 verbose title npm install @svgr/webpack cryptocurrency-icons
8 verbose argv "install" "@svgr/webpack" "cryptocurrency-icons"
9 verbose logfile logs-max:10 dir:E:\sultan\project\%APPDATA%\npm-cache\_logs\2025-02-12T18_18_19_917Z-
10 verbose logfile E:\sultan\project\%APPDATA%\npm-cache\_logs\2025-02-12T18_18_19_917Z-debug-0.log
11 silly packumentCache heap:4345298944 maxSize:1086324736 maxEntrySize:543162368
12 silly logfile done cleaning log files
13 silly idealTree buildDeps
14 silly fetch manifest cryptocurrency-icons@^0.18.1
15 silly packumentCache full:https://registry.npmjs.org/cryptocurrency-icons cache-miss
16 http fetch GET 200 https://registry.npmjs.org/cryptocurrency-icons 250ms (cache hit)
17 silly packumentCache full:https://registry.npmjs.org/cryptocurrency-icons set size:115081 disposed:false
18 silly fetch manifest @svgr/webpack@*
19 silly packumentCache full:https://registry.npmjs.org/@svgr%2fwebpack cache-miss
20 http fetch GET 200 https://registry.npmjs.org/@svgr%2fwebpack 277ms (cache miss)
21 silly packumentCache full:https://registry.npmjs.org/@svgr%2fwebpack set size:undefined disposed:false
22 silly placeDep ROOT @svgr/webpack@8.1.0 OK for: nextjs@0.1.0 want: *
23 silly placeDep ROOT cryptocurrency-icons@0.18.1 REPLACE for: nextjs@0.1.0 want: ^0.18.1
24 silly fetch manifest @babel/core@^7.21.3
25 silly packumentCache full:https://registry.npmjs.org/@babel%2fcore cache-miss
26 silly fetch manifest @babel/plugin-transform-react-constant-elements@^7.21.3
27 silly packumentCache full:https://registry.npmjs.org/@babel%2fplugin-transform-react-constant-elements cache-miss
28 silly fetch manifest @babel/preset-env@^7.20.2
29 silly packumentCache full:https://registry.npmjs.org/@babel%2fpreset-env cache-miss
30 silly fetch manifest @babel/preset-react@^7.18.6
31 silly packumentCache full:https://registry.npmjs.org/@babel%2fpreset-react cache-miss
32 silly fetch manifest @babel/preset-typescript@^7.21.0
33 silly packumentCache full:https://registry.npmjs.org/@babel%2fpreset-typescript cache-miss
34 silly fetch manifest @svgr/core@8.1.0
35 silly packumentCache full:https://registry.npmjs.org/@svgr%2fcore cache-miss
36 silly fetch manifest @svgr/plugin-jsx@8.1.0
37 silly packumentCache full:https://registry.npmjs.org/@svgr%2fplugin-jsx cache-miss
38 http fetch GET 200 https://registry.npmjs.org/@babel%2fcore 121ms (cache miss)
39 silly packumentCache full:https://registry.npmjs.org/@babel%2fcore set size:undefined disposed:false
40 silly fetch manifest @svgr/plugin-svgo@8.1.0
41 silly packumentCache full:https://registry.npmjs.org/@svgr%2fplugin-svgo cache-miss
42 http fetch GET 200 https://registry.npmjs.org/@babel%2fplugin-transform-react-constant-elements 166ms (cache miss)
43 silly packumentCache full:https://registry.npmjs.org/@babel%2fplugin-transform-react-constant-elements set size:undefined disposed:false
44 http fetch GET 200 https://registry.npmjs.org/@babel%2fpreset-env 222ms (cache miss)
45 silly packumentCache full:https://registry.npmjs.org/@babel%2fpreset-env set size:undefined disposed:false
46 http fetch GET 200 https://registry.npmjs.org/@svgr%2fplugin-svgo 107ms (cache miss)
47 silly packumentCache full:https://registry.npmjs.org/@svgr%2fplugin-svgo set size:undefined disposed:false
48 http fetch GET 200 https://registry.npmjs.org/@svgr%2fcore 253ms (cache miss)
49 silly packumentCache full:https://registry.npmjs.org/@svgr%2fcore set size:undefined disposed:false
50 http fetch GET 200 https://registry.npmjs.org/@svgr%2fplugin-jsx 255ms (cache miss)
51 silly packumentCache full:https://registry.npmjs.org/@svgr%2fplugin-jsx set size:undefined disposed:false
52 http fetch GET 200 https://registry.npmjs.org/@babel%2fpreset-typescript 262ms (cache miss)
53 silly packumentCache full:https://registry.npmjs.org/@babel%2fpreset-typescript set size:undefined disposed:false
54 http fetch GET 200 https://registry.npmjs.org/@babel%2fpreset-react 271ms (cache miss)
55 silly packumentCache full:https://registry.npmjs.org/@babel%2fpreset-react set size:undefined disposed:false
56 silly placeDep ROOT @babel/core@7.26.8 OK for: @svgr/webpack@8.1.0 want: ^7.21.3
57 silly placeDep ROOT @babel/plugin-transform-react-constant-elements@7.25.9 OK for: @svgr/webpack@8.1.0 want: ^7.21.3
58 silly placeDep ROOT @babel/preset-env@7.26.8 OK for: @svgr/webpack@8.1.0 want: ^7.20.2
59 silly placeDep ROOT @babel/preset-react@7.26.3 OK for: @svgr/webpack@8.1.0 want: ^7.18.6
60 silly placeDep ROOT @babel/preset-typescript@7.26.0 OK for: @svgr/webpack@8.1.0 want: ^7.21.0
61 silly placeDep ROOT @svgr/core@8.1.0 OK for: @svgr/webpack@8.1.0 want: 8.1.0
62 silly placeDep ROOT @svgr/plugin-jsx@8.1.0 OK for: @svgr/webpack@8.1.0 want: 8.1.0
63 silly placeDep ROOT @svgr/plugin-svgo@8.1.0 OK for: @svgr/webpack@8.1.0 want: 8.1.0
64 silly fetch manifest @ampproject/remapping@^2.2.0
65 silly packumentCache full:https://registry.npmjs.org/@ampproject%2fremapping cache-miss
66 silly fetch manifest @babel/code-frame@^7.26.2
67 silly packumentCache full:https://registry.npmjs.org/@babel%2fcode-frame cache-miss
68 silly fetch manifest @babel/generator@^7.26.8
69 silly packumentCache full:https://registry.npmjs.org/@babel%2fgenerator cache-miss
70 silly fetch manifest @babel/helper-compilation-targets@^7.26.5
71 silly packumentCache full:https://registry.npmjs.org/@babel%2fhelper-compilation-targets cache-miss
72 silly fetch manifest @babel/helper-module-transforms@^7.26.0
73 silly packumentCache full:https://registry.npmjs.org/@babel%2fhelper-module-transforms cache-miss
74 silly fetch manifest @babel/helpers@^7.26.7
75 silly packumentCache full:https://registry.npmjs.org/@babel%2fhelpers cache-miss
76 silly fetch manifest @babel/parser@^7.26.8
77 silly packumentCache full:https://registry.npmjs.org/@babel%2fparser cache-miss
78 http fetch GET 200 https://registry.npmjs.org/@babel%2fcode-frame 104ms (cache miss)
79 silly packumentCache full:https://registry.npmjs.org/@babel%2fcode-frame set size:undefined disposed:false
80 silly fetch manifest @babel/template@^7.26.8
81 silly packumentCache full:https://registry.npmjs.org/@babel%2ftemplate cache-miss
82 http fetch GET 200 https://registry.npmjs.org/@ampproject%2fremapping 117ms (cache miss)
83 silly packumentCache full:https://registry.npmjs.org/@ampproject%2fremapping set size:undefined disposed:false
84 silly fetch manifest @babel/traverse@^7.26.8
85 silly packumentCache full:https://registry.npmjs.org/@babel%2ftraverse cache-miss
86 http fetch GET 200 https://registry.npmjs.org/@babel%2fhelper-compilation-targets 128ms (cache miss)
87 silly packumentCache full:https://registry.npmjs.org/@babel%2fhelper-compilation-targets set size:undefined disposed:false
88 silly fetch manifest @babel/types@^7.26.8
89 silly packumentCache full:https://registry.npmjs.org/@babel%2ftypes cache-miss
90 http fetch GET 200 https://registry.npmjs.org/@babel%2fhelpers 137ms (cache miss)
91 silly packumentCache full:https://registry.npmjs.org/@babel%2fhelpers set size:undefined disposed:false
92 silly fetch manifest @types/gensync@^1.0.0
93 silly packumentCache full:https://registry.npmjs.org/@types%2fgensync cache-miss
94 http fetch GET 200 https://registry.npmjs.org/@babel%2fhelper-module-transforms 151ms (cache miss)
95 silly packumentCache full:https://registry.npmjs.org/@babel%2fhelper-module-transforms set size:undefined disposed:false
96 silly fetch manifest convert-source-map@^2.0.0
97 silly packumentCache full:https://registry.npmjs.org/convert-source-map cache-miss
98 http fetch GET 200 https://registry.npmjs.org/@babel%2fgenerator 173ms (cache miss)
99 silly packumentCache full:https://registry.npmjs.org/@babel%2fgenerator set size:undefined disposed:false
100 silly fetch manifest gensync@^1.0.0-beta.2
101 silly packumentCache full:https://registry.npmjs.org/gensync cache-miss
102 http fetch GET 200 https://registry.npmjs.org/@babel%2ftemplate 104ms (cache miss)
103 silly packumentCache full:https://registry.npmjs.org/@babel%2ftemplate set size:undefined disposed:false
104 silly fetch manifest json5@^2.2.3
105 silly packumentCache full:https://registry.npmjs.org/json5 cache-miss
106 http fetch GET 200 https://registry.npmjs.org/@babel%2fparser 212ms (cache miss)
107 silly packumentCache full:https://registry.npmjs.org/@babel%2fparser set size:undefined disposed:false
108 silly fetch manifest semver@^6.3.1
109 silly packumentCache full:https://registry.npmjs.org/semver cache-miss
110 http fetch GET 200 https://registry.npmjs.org/@types%2fgensync 99ms (cache miss)
111 silly packumentCache full:https://registry.npmjs.org/@types%2fgensync set size:undefined disposed:false
112 silly fetch manifest @babel/helper-plugin-utils@^7.25.9
113 silly packumentCache full:https://registry.npmjs.org/@babel%2fhelper-plugin-utils cache-miss
114 http fetch GET 200 https://registry.npmjs.org/gensync 75ms (cache miss)
115 silly packumentCache full:https://registry.npmjs.org/gensync set size:undefined disposed:false
116 silly fetch manifest @babel/compat-data@^7.26.8
117 silly packumentCache full:https://registry.npmjs.org/@babel%2fcompat-data cache-miss
118 http fetch GET 200 https://registry.npmjs.org/convert-source-map 104ms (cache miss)
119 silly packumentCache full:https://registry.npmjs.org/convert-source-map set size:undefined disposed:false
120 silly fetch manifest @babel/helper-plugin-utils@^7.26.5
121 silly packumentCache full:https://registry.npmjs.org/@babel%2fhelper-plugin-utils cache-miss
122 http fetch GET 200 https://registry.npmjs.org/@babel%2ftraverse 156ms (cache miss)
123 silly packumentCache full:https://registry.npmjs.org/@babel%2ftraverse set size:undefined disposed:false
124 silly fetch manifest @babel/helper-validator-option@^7.25.9
125 silly packumentCache full:https://registry.npmjs.org/@babel%2fhelper-validator-option cache-miss
126 http fetch GET 200 https://registry.npmjs.org/@babel%2ftypes 164ms (cache miss)
127 silly packumentCache full:https://registry.npmjs.org/@babel%2ftypes set size:undefined disposed:false
128 silly fetch manifest @babel/plugin-bugfix-firefox-class-in-computed-class-key@^7.25.9
129 silly packumentCache full:https://registry.npmjs.org/@babel%2fplugin-bugfix-firefox-class-in-computed-class-key cache-miss
130 http fetch GET 200 https://registry.npmjs.org/json5 113ms (cache miss)
131 silly packumentCache full:https://registry.npmjs.org/json5 set size:undefined disposed:false
132 silly fetch manifest @babel/plugin-bugfix-safari-class-field-initializer-scope@^7.25.9
133 silly packumentCache full:https://registry.npmjs.org/@babel%2fplugin-bugfix-safari-class-field-initializer-scope cache-miss
134 http fetch GET 200 https://registry.npmjs.org/semver 110ms (cache miss)
135 silly packumentCache full:https://registry.npmjs.org/semver set size:undefined disposed:false
136 silly fetch manifest @babel/plugin-bugfix-safari-id-destructuring-collision-in-function-expression@^7.25.9
137 silly packumentCache full:https://registry.npmjs.org/@babel%2fplugin-bugfix-safari-id-destructuring-collision-in-function-expression cache-miss
138 http fetch GET 200 https://registry.npmjs.org/@babel%2fhelper-plugin-utils 106ms (cache miss)
139 silly packumentCache full:https://registry.npmjs.org/@babel%2fhelper-plugin-utils set size:undefined disposed:false
140 silly fetch manifest @babel/plugin-bugfix-v8-spread-parameters-in-optional-chaining@^7.25.9
141 silly packumentCache full:https://registry.npmjs.org/@babel%2fplugin-bugfix-v8-spread-parameters-in-optional-chaining cache-miss
142 http fetch GET 200 https://registry.npmjs.org/@babel%2fhelper-plugin-utils 90ms (cache miss)
143 silly packumentCache full:https://registry.npmjs.org/@babel%2fhelper-plugin-utils set size:undefined disposed:false
144 silly fetch manifest @babel/plugin-bugfix-v8-static-class-fields-redefine-readonly@^7.25.9
145 silly packumentCache full:https://registry.npmjs.org/@babel%2fplugin-bugfix-v8-static-class-fields-redefine-readonly cache-miss
146 http fetch GET 200 https://registry.npmjs.org/@babel%2fhelper-validator-option 88ms (cache miss)
147 silly packumentCache full:https://registry.npmjs.org/@babel%2fhelper-validator-option set size:undefined disposed:false
148 silly fetch manifest @babel/plugin-proposal-private-property-in-object@7.21.0-placeholder-for-preset-env.2
149 silly packumentCache full:https://registry.npmjs.org/@babel%2fplugin-proposal-private-property-in-object cache-miss
150 http fetch GET 200 https://registry.npmjs.org/@babel%2fcompat-data 117ms (cache miss)
151 silly packumentCache full:https://registry.npmjs.org/@babel%2fcompat-data set size:undefined disposed:false
152 silly fetch manifest @babel/plugin-syntax-import-assertions@^7.26.0
153 silly packumentCache full:https://registry.npmjs.org/@babel%2fplugin-syntax-import-assertions cache-miss
154 http fetch GET 200 https://registry.npmjs.org/@babel%2fplugin-bugfix-firefox-class-in-computed-class-key 80ms (cache miss)
155 silly packumentCache full:https://registry.npmjs.org/@babel%2fplugin-bugfix-firefox-class-in-computed-class-key set size:undefined disposed:false
156 silly fetch manifest @babel/plugin-syntax-import-attributes@^7.26.0
157 silly packumentCache full:https://registry.npmjs.org/@babel%2fplugin-syntax-import-attributes cache-miss
158 http fetch GET 200 https://registry.npmjs.org/@babel%2fplugin-bugfix-safari-class-field-initializer-scope 71ms (cache miss)
159 silly packumentCache full:https://registry.npmjs.org/@babel%2fplugin-bugfix-safari-class-field-initializer-scope set size:undefined disposed:false
160 silly fetch manifest @babel/plugin-syntax-unicode-sets-regex@^7.18.6
161 silly packumentCache full:https://registry.npmjs.org/@babel%2fplugin-syntax-unicode-sets-regex cache-miss
162 http fetch GET 200 https://registry.npmjs.org/@babel%2fplugin-bugfix-safari-id-destructuring-collision-in-function-expression 62ms (cache miss)
163 silly packumentCache full:https://registry.npmjs.org/@babel%2fplugin-bugfix-safari-id-destructuring-collision-in-function-expression set size:undefined disposed:false
164 silly fetch manifest @babel/plugin-transform-arrow-functions@^7.25.9
165 silly packumentCache full:https://registry.npmjs.org/@babel%2fplugin-transform-arrow-functions cache-miss
166 http fetch GET 200 https://registry.npmjs.org/@babel%2fplugin-bugfix-v8-static-class-fields-redefine-readonly 56ms (cache miss)
167 silly packumentCache full:https://registry.npmjs.org/@babel%2fplugin-bugfix-v8-static-class-fields-redefine-readonly set size:undefined disposed:false
168 silly fetch manifest @babel/plugin-transform-async-generator-functions@^7.26.8
169 silly packumentCache full:https://registry.npmjs.org/@babel%2fplugin-transform-async-generator-functions cache-miss
170 http fetch GET 200 https://registry.npmjs.org/@babel%2fplugin-bugfix-v8-spread-parameters-in-optional-chaining 67ms (cache miss)
171 silly packumentCache full:https://registry.npmjs.org/@babel%2fplugin-bugfix-v8-spread-parameters-in-optional-chaining set size:undefined disposed:false
172 silly fetch manifest @babel/plugin-transform-async-to-generator@^7.25.9
173 silly packumentCache full:https://registry.npmjs.org/@babel%2fplugin-transform-async-to-generator cache-miss
174 http fetch GET 200 https://registry.npmjs.org/@babel%2fplugin-proposal-private-property-in-object 64ms (cache miss)
175 silly packumentCache full:https://registry.npmjs.org/@babel%2fplugin-proposal-private-property-in-object set size:undefined disposed:false
176 silly fetch manifest @babel/plugin-transform-block-scoped-functions@^7.26.5
177 silly packumentCache full:https://registry.npmjs.org/@babel%2fplugin-transform-block-scoped-functions cache-miss
178 http fetch GET 200 https://registry.npmjs.org/@babel%2fplugin-syntax-import-assertions 70ms (cache miss)
179 silly packumentCache full:https://registry.npmjs.org/@babel%2fplugin-syntax-import-assertions set size:undefined disposed:false
180 silly fetch manifest @babel/plugin-transform-block-scoping@^7.25.9
181 silly packumentCache full:https://registry.npmjs.org/@babel%2fplugin-transform-block-scoping cache-miss
182 http fetch GET 200 https://registry.npmjs.org/@babel%2fplugin-syntax-import-attributes 87ms (cache miss)
183 silly packumentCache full:https://registry.npmjs.org/@babel%2fplugin-syntax-import-attributes set size:undefined disposed:false
184 silly fetch manifest @babel/plugin-transform-class-properties@^7.25.9
185 silly packumentCache full:https://registry.npmjs.org/@babel%2fplugin-transform-class-properties cache-miss
186 http fetch GET 200 https://registry.npmjs.org/@babel%2fplugin-syntax-unicode-sets-regex 92ms (cache miss)
187 silly packumentCache full:https://registry.npmjs.org/@babel%2fplugin-syntax-unicode-sets-regex set size:undefined disposed:false
188 silly fetch manifest @babel/plugin-transform-class-static-block@^7.26.0
189 silly packumentCache full:https://registry.npmjs.org/@babel%2fplugin-transform-class-static-block cache-miss
190 http fetch GET 200 https://registry.npmjs.org/@babel%2fplugin-transform-arrow-functions 101ms (cache miss)
191 silly packumentCache full:https://registry.npmjs.org/@babel%2fplugin-transform-arrow-functions set size:undefined disposed:false
192 silly fetch manifest @babel/plugin-transform-classes@^7.25.9
193 silly packumentCache full:https://registry.npmjs.org/@babel%2fplugin-transform-classes cache-miss
194 http fetch GET 200 https://registry.npmjs.org/@babel%2fplugin-transform-async-generator-functions 99ms (cache miss)
195 silly packumentCache full:https://registry.npmjs.org/@babel%2fplugin-transform-async-generator-functions set size:undefined disposed:false
196 silly fetch manifest @babel/plugin-transform-computed-properties@^7.25.9
197 silly packumentCache full:https://registry.npmjs.org/@babel%2fplugin-transform-computed-properties cache-miss
198 http fetch GET 200 https://registry.npmjs.org/@babel%2fplugin-transform-async-to-generator 103ms (cache miss)
199 silly packumentCache full:https://registry.npmjs.org/@babel%2fplugin-transform-async-to-generator set size:undefined disposed:false
200 silly fetch manifest @babel/plugin-transform-destructuring@^7.25.9
201 silly packumentCache full:https://registry.npmjs.org/@babel%2fplugin-transform-destructuring cache-miss
202 http fetch GET 200 https://registry.npmjs.org/@babel%2fplugin-transform-block-scoped-functions 96ms (cache miss)
203 silly packumentCache full:https://registry.npmjs.org/@babel%2fplugin-transform-block-scoped-functions set size:undefined disposed:false
204 silly fetch manifest @babel/plugin-transform-dotall-regex@^7.25.9
205 silly packumentCache full:https://registry.npmjs.org/@babel%2fplugin-transform-dotall-regex cache-miss
206 http fetch GET 200 https://registry.npmjs.org/@babel%2fplugin-transform-block-scoping 91ms (cache miss)
207 silly packumentCache full:https://registry.npmjs.org/@babel%2fplugin-transform-block-scoping set size:undefined disposed:false
208 silly fetch manifest @babel/plugin-transform-duplicate-keys@^7.25.9
209 silly packumentCache full:https://registry.npmjs.org/@babel%2fplugin-transform-duplicate-keys cache-miss
210 http fetch GET 200 https://registry.npmjs.org/@babel%2fplugin-transform-class-properties 89ms (cache miss)
211 silly packumentCache full:https://registry.npmjs.org/@babel%2fplugin-transform-class-properties set size:undefined disposed:false
212 silly fetch manifest @babel/plugin-transform-duplicate-named-capturing-groups-regex@^7.25.9
213 silly packumentCache full:https://registry.npmjs.org/@babel%2fplugin-transform-duplicate-named-capturing-groups-regex cache-miss
214 http fetch GET 200 https://registry.npmjs.org/@babel%2fplugin-transform-class-static-block 105ms (cache miss)
215 silly packumentCache full:https://registry.npmjs.org/@babel%2fplugin-transform-class-static-block set size:undefined disposed:false
216 silly fetch manifest @babel/plugin-transform-dynamic-import@^7.25.9
217 silly packumentCache full:https://registry.npmjs.org/@babel%2fplugin-transform-dynamic-import cache-miss
218 http fetch GET 200 https://registry.npmjs.org/@babel%2fplugin-transform-computed-properties 116ms (cache miss)
219 silly packumentCache full:https://registry.npmjs.org/@babel%2fplugin-transform-computed-properties set size:undefined disposed:false
220 silly fetch manifest @babel/plugin-transform-exponentiation-operator@^7.26.3
221 silly packumentCache full:https://registry.npmjs.org/@babel%2fplugin-transform-exponentiation-operator cache-miss
222 http fetch GET 200 https://registry.npmjs.org/@babel%2fplugin-transform-destructuring 118ms (cache miss)
223 silly packumentCache full:https://registry.npmjs.org/@babel%2fplugin-transform-destructuring set size:undefined disposed:false
224 silly fetch manifest @babel/plugin-transform-export-namespace-from@^7.25.9
225 silly packumentCache full:https://registry.npmjs.org/@babel%2fplugin-transform-export-namespace-from cache-miss
226 http fetch GET 200 https://registry.npmjs.org/@babel%2fplugin-transform-duplicate-named-capturing-groups-regex 92ms (cache miss)
227 silly packumentCache full:https://registry.npmjs.org/@babel%2fplugin-transform-duplicate-named-capturing-groups-regex set size:undefined disposed:false
228 silly fetch manifest @babel/plugin-transform-for-of@^7.25.9
229 silly packumentCache full:https://registry.npmjs.org/@babel%2fplugin-transform-for-of cache-miss
230 http fetch GET 200 https://registry.npmjs.org/@babel%2fplugin-transform-classes 161ms (cache miss)
231 silly packumentCache full:https://registry.npmjs.org/@babel%2fplugin-transform-classes set size:undefined disposed:false
232 silly fetch manifest @babel/plugin-transform-function-name@^7.25.9
233 silly packumentCache full:https://registry.npmjs.org/@babel%2fplugin-transform-function-name cache-miss
234 http fetch GET 200 https://registry.npmjs.org/@babel%2fplugin-transform-dotall-regex 139ms (cache miss)
235 silly packumentCache full:https://registry.npmjs.org/@babel%2fplugin-transform-dotall-regex set size:undefined disposed:false
236 silly fetch manifest @babel/plugin-transform-json-strings@^7.25.9
237 silly packumentCache full:https://registry.npmjs.org/@babel%2fplugin-transform-json-strings cache-miss
238 http fetch GET 200 https://registry.npmjs.org/@babel%2fplugin-transform-duplicate-keys 135ms (cache miss)
239 silly packumentCache full:https://registry.npmjs.org/@babel%2fplugin-transform-duplicate-keys set size:undefined disposed:false
240 silly fetch manifest @babel/plugin-transform-literals@^7.25.9
241 silly packumentCache full:https://registry.npmjs.org/@babel%2fplugin-transform-literals cache-miss
242 http fetch GET 200 https://registry.npmjs.org/@babel%2fplugin-transform-dynamic-import 96ms (cache miss)
243 silly packumentCache full:https://registry.npmjs.org/@babel%2fplugin-transform-dynamic-import set size:undefined disposed:false
244 silly fetch manifest @babel/plugin-transform-logical-assignment-operators@^7.25.9
245 silly packumentCache full:https://registry.npmjs.org/@babel%2fplugin-transform-logical-assignment-operators cache-miss
246 http fetch GET 200 https://registry.npmjs.org/@babel%2fplugin-transform-export-namespace-from 60ms (cache miss)
247 silly packumentCache full:https://registry.npmjs.org/@babel%2fplugin-transform-export-namespace-from set size:undefined disposed:false
248 silly fetch manifest @babel/plugin-transform-member-expression-literals@^7.25.9
249 silly packumentCache full:https://registry.npmjs.org/@babel%2fplugin-transform-member-expression-literals cache-miss
250 http fetch GET 200 https://registry.npmjs.org/@babel%2fplugin-transform-exponentiation-operator 89ms (cache miss)
251 silly packumentCache full:https://registry.npmjs.org/@babel%2fplugin-transform-exponentiation-operator set size:undefined disposed:false
252 silly fetch manifest @babel/plugin-transform-modules-amd@^7.25.9
253 silly packumentCache full:https://registry.npmjs.org/@babel%2fplugin-transform-modules-amd cache-miss
254 http fetch GET 200 https://registry.npmjs.org/@babel%2fplugin-transform-json-strings 64ms (cache miss)
255 silly packumentCache full:https://registry.npmjs.org/@babel%2fplugin-transform-json-strings set size:undefined disposed:false
256 silly fetch manifest @babel/plugin-transform-modules-commonjs@^7.26.3
257 silly packumentCache full:https://registry.npmjs.org/@babel%2fplugin-transform-modules-commonjs cache-miss
258 http fetch GET 200 https://registry.npmjs.org/@babel%2fplugin-transform-literals 66ms (cache miss)
259 silly packumentCache full:https://registry.npmjs.org/@babel%2fplugin-transform-literals set size:undefined disposed:false
260 silly fetch manifest @babel/plugin-transform-modules-systemjs@^7.25.9
261 silly packumentCache full:https://registry.npmjs.org/@babel%2fplugin-transform-modules-systemjs cache-miss
262 http fetch GET 200 https://registry.npmjs.org/@babel%2fplugin-transform-for-of 104ms (cache miss)
263 silly packumentCache full:https://registry.npmjs.org/@babel%2fplugin-transform-for-of set size:undefined disposed:false
264 silly fetch manifest @babel/plugin-transform-modules-umd@^7.25.9
265 silly packumentCache full:https://registry.npmjs.org/@babel%2fplugin-transform-modules-umd cache-miss
266 http fetch GET 200 https://registry.npmjs.org/@babel%2fplugin-transform-function-name 99ms (cache miss)
267 silly packumentCache full:https://registry.npmjs.org/@babel%2fplugin-transform-function-name set size:undefined disposed:false
268 silly fetch manifest @babel/plugin-transform-named-capturing-groups-regex@^7.25.9
269 silly packumentCache full:https://registry.npmjs.org/@babel%2fplugin-transform-named-capturing-groups-regex cache-miss
270 http fetch GET 200 https://registry.npmjs.org/@babel%2fplugin-transform-member-expression-literals 78ms (cache miss)
271 silly packumentCache full:https://registry.npmjs.org/@babel%2fplugin-transform-member-expression-literals set size:undefined disposed:false
272 silly fetch manifest @babel/plugin-transform-new-target@^7.25.9
273 silly packumentCache full:https://registry.npmjs.org/@babel%2fplugin-transform-new-target cache-miss
274 http fetch GET 200 https://registry.npmjs.org/@babel%2fplugin-transform-modules-amd 72ms (cache miss)
275 silly packumentCache full:https://registry.npmjs.org/@babel%2fplugin-transform-modules-amd set size:undefined disposed:false
276 silly fetch manifest @babel/plugin-transform-nullish-coalescing-operator@^7.26.6
277 silly packumentCache full:https://registry.npmjs.org/@babel%2fplugin-transform-nullish-coalescing-operator cache-miss
278 http fetch GET 200 https://registry.npmjs.org/@babel%2fplugin-transform-logical-assignment-operators 114ms (cache miss)
279 silly packumentCache full:https://registry.npmjs.org/@babel%2fplugin-transform-logical-assignment-operators set size:undefined disposed:false
280 silly fetch manifest @babel/plugin-transform-numeric-separator@^7.25.9
281 silly packumentCache full:https://registry.npmjs.org/@babel%2fplugin-transform-numeric-separator cache-miss
282 http fetch GET 200 https://registry.npmjs.org/@babel%2fplugin-transform-modules-commonjs 74ms (cache miss)
283 silly packumentCache full:https://registry.npmjs.org/@babel%2fplugin-transform-modules-commonjs set size:undefined disposed:false
284 silly fetch manifest @babel/plugin-transform-object-rest-spread@^7.25.9
285 silly packumentCache full:https://registry.npmjs.org/@babel%2fplugin-transform-object-rest-spread cache-miss
286 http fetch GET 200 https://registry.npmjs.org/@babel%2fplugin-transform-named-capturing-groups-regex 66ms (cache miss)
287 silly packumentCache full:https://registry.npmjs.org/@babel%2fplugin-transform-named-capturing-groups-regex set size:undefined disposed:false
288 silly fetch manifest @babel/plugin-transform-object-super@^7.25.9
289 silly packumentCache full:https://registry.npmjs.org/@babel%2fplugin-transform-object-super cache-miss
290 http fetch GET 200 https://registry.npmjs.org/@babel%2fplugin-transform-modules-umd 86ms (cache miss)
291 silly packumentCache full:https://registry.npmjs.org/@babel%2fplugin-transform-modules-umd set size:undefined disposed:false
292 silly fetch manifest @babel/plugin-transform-optional-catch-binding@^7.25.9
293 silly packumentCache full:https://registry.npmjs.org/@babel%2fplugin-transform-optional-catch-binding cache-miss
294 http fetch GET 200 https://registry.npmjs.org/@babel%2fplugin-transform-modules-systemjs 108ms (cache miss)
295 silly packumentCache full:https://registry.npmjs.org/@babel%2fplugin-transform-modules-systemjs set size:undefined disposed:false
296 silly fetch manifest @babel/plugin-transform-optional-chaining@^7.25.9
297 silly packumentCache full:https://registry.npmjs.org/@babel%2fplugin-transform-optional-chaining cache-miss
298 http fetch GET 200 https://registry.npmjs.org/@babel%2fplugin-transform-nullish-coalescing-operator 73ms (cache miss)
299 silly packumentCache full:https://registry.npmjs.org/@babel%2fplugin-transform-nullish-coalescing-operator set size:undefined disposed:false
300 silly fetch manifest @babel/plugin-transform-parameters@^7.25.9
301 silly packumentCache full:https://registry.npmjs.org/@babel%2fplugin-transform-parameters cache-miss
302 http fetch GET 200 https://registry.npmjs.org/@babel%2fplugin-transform-numeric-separator 82ms (cache miss)
303 silly packumentCache full:https://registry.npmjs.org/@babel%2fplugin-transform-numeric-separator set size:undefined disposed:false
304 silly fetch manifest @babel/plugin-transform-private-methods@^7.25.9
305 silly packumentCache full:https://registry.npmjs.org/@babel%2fplugin-transform-private-methods cache-miss
306 http fetch GET 200 https://registry.npmjs.org/@babel%2fplugin-transform-new-target 105ms (cache miss)
307 silly packumentCache full:https://registry.npmjs.org/@babel%2fplugin-transform-new-target set size:undefined disposed:false
308 silly fetch manifest @babel/plugin-transform-private-property-in-object@^7.25.9
309 silly packumentCache full:https://registry.npmjs.org/@babel%2fplugin-transform-private-property-in-object cache-miss
310 http fetch GET 200 https://registry.npmjs.org/@babel%2fplugin-transform-object-rest-spread 82ms (cache miss)
311 silly packumentCache full:https://registry.npmjs.org/@babel%2fplugin-transform-object-rest-spread set size:undefined disposed:false
312 silly fetch manifest @babel/plugin-transform-property-literals@^7.25.9
313 silly packumentCache full:https://registry.npmjs.org/@babel%2fplugin-transform-property-literals cache-miss
314 http fetch GET 200 https://registry.npmjs.org/@babel%2fplugin-transform-object-super 65ms (cache miss)
315 silly packumentCache full:https://registry.npmjs.org/@babel%2fplugin-transform-object-super set size:undefined disposed:false
316 silly fetch manifest @babel/plugin-transform-regenerator@^7.25.9
317 silly packumentCache full:https://registry.npmjs.org/@babel%2fplugin-transform-regenerator cache-miss
318 http fetch GET 200 https://registry.npmjs.org/@babel%2fplugin-transform-optional-catch-binding 70ms (cache miss)
319 silly packumentCache full:https://registry.npmjs.org/@babel%2fplugin-transform-optional-catch-binding set size:undefined disposed:false
320 silly fetch manifest @babel/plugin-transform-regexp-modifiers@^7.26.0
321 silly packumentCache full:https://registry.npmjs.org/@babel%2fplugin-transform-regexp-modifiers cache-miss
322 http fetch GET 200 https://registry.npmjs.org/@babel%2fplugin-transform-optional-chaining 60ms (cache miss)
323 silly packumentCache full:https://registry.npmjs.org/@babel%2fplugin-transform-optional-chaining set size:undefined disposed:false
324 silly fetch manifest @babel/plugin-transform-reserved-words@^7.25.9
325 silly packumentCache full:https://registry.npmjs.org/@babel%2fplugin-transform-reserved-words cache-miss
326 http fetch GET 200 https://registry.npmjs.org/@babel%2fplugin-transform-parameters 70ms (cache miss)
327 silly packumentCache full:https://registry.npmjs.org/@babel%2fplugin-transform-parameters set size:undefined disposed:false
328 silly fetch manifest @babel/plugin-transform-shorthand-properties@^7.25.9
329 silly packumentCache full:https://registry.npmjs.org/@babel%2fplugin-transform-shorthand-properties cache-miss
330 http fetch GET 200 https://registry.npmjs.org/@babel%2fplugin-transform-private-property-in-object 66ms (cache miss)
331 silly packumentCache full:https://registry.npmjs.org/@babel%2fplugin-transform-private-property-in-object set size:undefined disposed:false
332 silly fetch manifest @babel/plugin-transform-spread@^7.25.9
333 silly packumentCache full:https://registry.npmjs.org/@babel%2fplugin-transform-spread cache-miss
334 http fetch GET 200 https://registry.npmjs.org/@babel%2fplugin-transform-private-methods 87ms (cache miss)
335 silly packumentCache full:https://registry.npmjs.org/@babel%2fplugin-transform-private-methods set size:undefined disposed:false
336 silly fetch manifest @babel/plugin-transform-sticky-regex@^7.25.9
337 silly packumentCache full:https://registry.npmjs.org/@babel%2fplugin-transform-sticky-regex cache-miss
338 http fetch GET 200 https://registry.npmjs.org/@babel%2fplugin-transform-property-literals 83ms (cache miss)
339 silly packumentCache full:https://registry.npmjs.org/@babel%2fplugin-transform-property-literals set size:undefined disposed:false
340 silly fetch manifest @babel/plugin-transform-template-literals@^7.26.8
341 silly packumentCache full:https://registry.npmjs.org/@babel%2fplugin-transform-template-literals cache-miss
342 http fetch GET 200 https://registry.npmjs.org/@babel%2fplugin-transform-regexp-modifiers 69ms (cache miss)
343 silly packumentCache full:https://registry.npmjs.org/@babel%2fplugin-transform-regexp-modifiers set size:undefined disposed:false
344 silly fetch manifest @babel/plugin-transform-typeof-symbol@^7.26.7
345 silly packumentCache full:https://registry.npmjs.org/@babel%2fplugin-transform-typeof-symbol cache-miss
346 http fetch GET 200 https://registry.npmjs.org/@babel%2fplugin-transform-regenerator 85ms (cache miss)
347 silly packumentCache full:https://registry.npmjs.org/@babel%2fplugin-transform-regenerator set size:undefined disposed:false
348 silly fetch manifest @babel/plugin-transform-unicode-escapes@^7.25.9
349 silly packumentCache full:https://registry.npmjs.org/@babel%2fplugin-transform-unicode-escapes cache-miss
350 http fetch GET 200 https://registry.npmjs.org/@babel%2fplugin-transform-reserved-words 74ms (cache miss)
351 silly packumentCache full:https://registry.npmjs.org/@babel%2fplugin-transform-reserved-words set size:undefined disposed:false
352 silly fetch manifest @babel/plugin-transform-unicode-property-regex@^7.25.9
353 silly packumentCache full:https://registry.npmjs.org/@babel%2fplugin-transform-unicode-property-regex cache-miss
354 http fetch GET 200 https://registry.npmjs.org/@babel%2fplugin-transform-shorthand-properties 64ms (cache miss)
355 silly packumentCache full:https://registry.npmjs.org/@babel%2fplugin-transform-shorthand-properties set size:undefined disposed:false
356 silly fetch manifest @babel/plugin-transform-unicode-regex@^7.25.9
357 silly packumentCache full:https://registry.npmjs.org/@babel%2fplugin-transform-unicode-regex cache-miss
358 http fetch GET 200 https://registry.npmjs.org/@babel%2fplugin-transform-spread 65ms (cache miss)
359 silly packumentCache full:https://registry.npmjs.org/@babel%2fplugin-transform-spread set size:undefined disposed:false
360 silly fetch manifest @babel/plugin-transform-unicode-sets-regex@^7.25.9
361 silly packumentCache full:https://registry.npmjs.org/@babel%2fplugin-transform-unicode-sets-regex cache-miss
362 http fetch GET 200 https://registry.npmjs.org/@babel%2fplugin-transform-sticky-regex 66ms (cache miss)
363 silly packumentCache full:https://registry.npmjs.org/@babel%2fplugin-transform-sticky-regex set size:undefined disposed:false
364 silly fetch manifest @babel/preset-modules@0.1.6-no-external-plugins
365 silly packumentCache full:https://registry.npmjs.org/@babel%2fpreset-modules cache-miss
366 http fetch GET 200 https://registry.npmjs.org/@babel%2fplugin-transform-typeof-symbol 74ms (cache miss)
367 silly packumentCache full:https://registry.npmjs.org/@babel%2fplugin-transform-typeof-symbol set size:undefined disposed:false
368 silly fetch manifest babel-plugin-polyfill-corejs2@^0.4.10
369 silly packumentCache full:https://registry.npmjs.org/babel-plugin-polyfill-corejs2 cache-miss
370 http fetch GET 200 https://registry.npmjs.org/@babel%2fplugin-transform-unicode-property-regex 76ms (cache miss)
371 silly packumentCache full:https://registry.npmjs.org/@babel%2fplugin-transform-unicode-property-regex set size:undefined disposed:false
372 silly fetch manifest babel-plugin-polyfill-corejs3@^0.11.0
373 silly packumentCache full:https://registry.npmjs.org/babel-plugin-polyfill-corejs3 cache-miss
374 http fetch GET 200 https://registry.npmjs.org/@babel%2fplugin-transform-unicode-escapes 89ms (cache miss)
375 silly packumentCache full:https://registry.npmjs.org/@babel%2fplugin-transform-unicode-escapes set size:undefined disposed:false
376 silly fetch manifest babel-plugin-polyfill-regenerator@^0.6.1
377 silly packumentCache full:https://registry.npmjs.org/babel-plugin-polyfill-regenerator cache-miss
378 http fetch GET 200 https://registry.npmjs.org/@babel%2fplugin-transform-template-literals 114ms (cache miss)
379 silly packumentCache full:https://registry.npmjs.org/@babel%2fplugin-transform-template-literals set size:undefined disposed:false
380 silly fetch manifest core-js-compat@^3.40.0
381 silly packumentCache full:https://registry.npmjs.org/core-js-compat cache-miss
382 http fetch GET 200 https://registry.npmjs.org/@babel%2fplugin-transform-unicode-regex 97ms (cache miss)
383 silly packumentCache full:https://registry.npmjs.org/@babel%2fplugin-transform-unicode-regex set size:undefined disposed:false
384 silly fetch manifest @babel/plugin-transform-react-jsx@^7.25.9
385 silly packumentCache full:https://registry.npmjs.org/@babel%2fplugin-transform-react-jsx cache-miss
386 http fetch GET 200 https://registry.npmjs.org/@babel%2fplugin-transform-unicode-sets-regex 93ms (cache miss)
387 silly packumentCache full:https://registry.npmjs.org/@babel%2fplugin-transform-unicode-sets-regex set size:undefined disposed:false
388 silly fetch manifest @babel/plugin-transform-react-display-name@^7.25.9
389 silly packumentCache full:https://registry.npmjs.org/@babel%2fplugin-transform-react-display-name cache-miss
390 http fetch GET 200 https://registry.npmjs.org/@babel%2fpreset-modules 88ms (cache miss)
391 silly packumentCache full:https://registry.npmjs.org/@babel%2fpreset-modules set size:undefined disposed:false
392 silly fetch manifest @babel/plugin-transform-react-jsx-development@^7.25.9
393 silly packumentCache full:https://registry.npmjs.org/@babel%2fplugin-transform-react-jsx-development cache-miss
394 http fetch GET 200 https://registry.npmjs.org/babel-plugin-polyfill-corejs2 93ms (cache miss)
395 silly packumentCache full:https://registry.npmjs.org/babel-plugin-polyfill-corejs2 set size:undefined disposed:false
396 silly fetch manifest @babel/plugin-transform-react-pure-annotations@^7.25.9
397 silly packumentCache full:https://registry.npmjs.org/@babel%2fplugin-transform-react-pure-annotations cache-miss
398 http fetch GET 200 https://registry.npmjs.org/babel-plugin-polyfill-regenerator 76ms (cache miss)
399 silly packumentCache full:https://registry.npmjs.org/babel-plugin-polyfill-regenerator set size:undefined disposed:false
400 silly fetch manifest @babel/plugin-syntax-jsx@^7.25.9
401 silly packumentCache full:https://registry.npmjs.org/@babel%2fplugin-syntax-jsx cache-miss
402 http fetch GET 200 https://registry.npmjs.org/babel-plugin-polyfill-corejs3 97ms (cache miss)
403 silly packumentCache full:https://registry.npmjs.org/babel-plugin-polyfill-corejs3 set size:undefined disposed:false
404 silly fetch manifest @babel/plugin-transform-typescript@^7.25.9
405 silly packumentCache full:https://registry.npmjs.org/@babel%2fplugin-transform-typescript cache-miss
406 http fetch GET 200 https://registry.npmjs.org/core-js-compat 92ms (cache miss)
407 silly packumentCache full:https://registry.npmjs.org/core-js-compat set size:undefined disposed:false
408 silly fetch manifest @babel/plugin-transform-modules-commonjs@^7.25.9
409 silly packumentCache full:https://registry.npmjs.org/@babel%2fplugin-transform-modules-commonjs cache-miss
410 http fetch GET 200 https://registry.npmjs.org/@babel%2fplugin-transform-react-jsx 92ms (cache miss)
411 silly packumentCache full:https://registry.npmjs.org/@babel%2fplugin-transform-react-jsx set size:undefined disposed:false
412 silly fetch manifest @svgr/babel-preset@8.1.0
413 silly packumentCache full:https://registry.npmjs.org/@svgr%2fbabel-preset cache-miss
414 http fetch GET 200 https://registry.npmjs.org/@babel%2fplugin-transform-modules-commonjs 21ms (cache hit)
415 silly packumentCache full:https://registry.npmjs.org/@babel%2fplugin-transform-modules-commonjs set size:273798 disposed:false
416 silly fetch manifest camelcase@^6.2.0
417 silly packumentCache full:https://registry.npmjs.org/camelcase cache-miss
418 http fetch GET 200 https://registry.npmjs.org/@babel%2fplugin-transform-react-display-name 133ms (cache miss)
419 silly packumentCache full:https://registry.npmjs.org/@babel%2fplugin-transform-react-display-name set size:undefined disposed:false
420 silly fetch manifest cosmiconfig@^8.1.3
421 silly packumentCache full:https://registry.npmjs.org/cosmiconfig cache-miss
422 http fetch GET 200 https://registry.npmjs.org/@babel%2fplugin-transform-react-pure-annotations 103ms (cache miss)
423 silly packumentCache full:https://registry.npmjs.org/@babel%2fplugin-transform-react-pure-annotations set size:undefined disposed:false
424 silly fetch manifest snake-case@^3.0.4
425 silly packumentCache full:https://registry.npmjs.org/snake-case cache-miss
426 http fetch GET 200 https://registry.npmjs.org/@babel%2fplugin-transform-react-jsx-development 138ms (cache miss)
427 silly packumentCache full:https://registry.npmjs.org/@babel%2fplugin-transform-react-jsx-development set size:undefined disposed:false
428 silly fetch manifest @svgr/babel-preset@8.1.0
429 silly packumentCache full:https://registry.npmjs.org/@svgr%2fbabel-preset cache-miss
430 http fetch GET 200 https://registry.npmjs.org/@babel%2fplugin-syntax-jsx 116ms (cache miss)
431 silly packumentCache full:https://registry.npmjs.org/@babel%2fplugin-syntax-jsx set size:undefined disposed:false
432 silly fetch manifest @svgr/hast-util-to-babel-ast@8.0.0
433 silly packumentCache full:https://registry.npmjs.org/@svgr%2fhast-util-to-babel-ast cache-miss
434 http fetch GET 200 https://registry.npmjs.org/@svgr%2fbabel-preset 88ms (cache miss)
435 silly packumentCache full:https://registry.npmjs.org/@svgr%2fbabel-preset set size:undefined disposed:false
436 silly fetch manifest svg-parser@^2.0.4
437 silly packumentCache full:https://registry.npmjs.org/svg-parser cache-miss
438 http fetch GET 200 https://registry.npmjs.org/camelcase 80ms (cache miss)
439 silly packumentCache full:https://registry.npmjs.org/camelcase set size:undefined disposed:false
440 silly fetch manifest cosmiconfig@^8.1.3
441 silly packumentCache full:https://registry.npmjs.org/cosmiconfig cache-miss
442 http fetch GET 200 https://registry.npmjs.org/@babel%2fplugin-transform-typescript 134ms (cache miss)
443 silly packumentCache full:https://registry.npmjs.org/@babel%2fplugin-transform-typescript set size:undefined disposed:false
444 silly fetch manifest deepmerge@^4.3.1
445 silly packumentCache full:https://registry.npmjs.org/deepmerge cache-miss
446 http fetch GET 200 https://registry.npmjs.org/snake-case 61ms (cache miss)
447 silly packumentCache full:https://registry.npmjs.org/snake-case set size:undefined disposed:false
448 silly fetch manifest svgo@^3.0.2
449 silly packumentCache full:https://registry.npmjs.org/svgo cache-miss
450 http fetch GET 200 https://registry.npmjs.org/cosmiconfig 75ms (cache miss)
451 silly packumentCache full:https://registry.npmjs.org/cosmiconfig set size:undefined disposed:false
452 http fetch GET 200 https://registry.npmjs.org/svg-parser 70ms (cache miss)
453 silly packumentCache full:https://registry.npmjs.org/svg-parser set size:undefined disposed:false
454 http fetch GET 200 https://registry.npmjs.org/@svgr%2fbabel-preset 102ms (cache miss)
455 silly packumentCache full:https://registry.npmjs.org/@svgr%2fbabel-preset set size:undefined disposed:false
456 http fetch GET 200 https://registry.npmjs.org/@svgr%2fhast-util-to-babel-ast 94ms (cache miss)
457 silly packumentCache full:https://registry.npmjs.org/@svgr%2fhast-util-to-babel-ast set size:undefined disposed:false
458 http fetch GET 200 https://registry.npmjs.org/deepmerge 64ms (cache miss)
459 silly packumentCache full:https://registry.npmjs.org/deepmerge set size:undefined disposed:false
460 http fetch GET 200 https://registry.npmjs.org/cosmiconfig 78ms (cache miss)
461 silly packumentCache full:https://registry.npmjs.org/cosmiconfig set size:undefined disposed:false
462 http fetch GET 200 https://registry.npmjs.org/svgo 64ms (cache miss)
463 silly packumentCache full:https://registry.npmjs.org/svgo set size:undefined disposed:false
464 silly fetch manifest @babel/core@^7.0.0
465 silly packumentCache full:https://registry.npmjs.org/@babel%2fcore cache-miss
466 http fetch GET 200 https://registry.npmjs.org/@babel%2fcore 7ms (cache hit)
467 silly packumentCache full:https://registry.npmjs.org/@babel%2fcore set size:686109 disposed:false
468 silly placeDep ROOT @ampproject/remapping@2.3.0 OK for: @babel/core@7.26.8 want: ^2.2.0
469 silly placeDep ROOT @babel/code-frame@7.26.2 OK for: @babel/core@7.26.8 want: ^7.26.2
470 silly placeDep ROOT @babel/generator@7.26.8 OK for: @babel/core@7.26.8 want: ^7.26.8
471 silly placeDep ROOT @babel/helper-compilation-targets@7.26.5 OK for: @babel/core@7.26.8 want: ^7.26.5
472 silly placeDep ROOT @babel/helper-module-transforms@7.26.0 OK for: @babel/core@7.26.8 want: ^7.26.0
473 silly placeDep ROOT @babel/helpers@7.26.7 OK for: @babel/core@7.26.8 want: ^7.26.7
474 silly placeDep ROOT @babel/parser@7.26.8 OK for: @babel/core@7.26.8 want: ^7.26.8
475 silly placeDep ROOT @babel/template@7.26.8 OK for: @babel/core@7.26.8 want: ^7.26.8
476 silly placeDep ROOT @babel/traverse@7.26.8 OK for: @babel/core@7.26.8 want: ^7.26.8
477 silly placeDep ROOT @babel/types@7.26.8 OK for: @babel/core@7.26.8 want: ^7.26.8
478 silly placeDep ROOT @types/gensync@1.0.4 OK for: @babel/core@7.26.8 want: ^1.0.0
479 silly placeDep ROOT convert-source-map@2.0.0 OK for: @babel/core@7.26.8 want: ^2.0.0
480 silly placeDep ROOT gensync@1.0.0-beta.2 OK for: @babel/core@7.26.8 want: ^1.0.0-beta.2
481 silly placeDep node_modules/@babel/core json5@2.2.3 OK for: @babel/core@7.26.8 want: ^2.2.3
482 silly placeDep node_modules/@babel/core semver@6.3.1 OK for: @babel/core@7.26.8 want: ^6.3.1
483 silly fetch manifest @babel/helper-validator-identifier@^7.25.9
484 silly packumentCache full:https://registry.npmjs.org/@babel%2fhelper-validator-identifier cache-miss
485 silly fetch manifest jsesc@^3.0.2
486 silly packumentCache full:https://registry.npmjs.org/jsesc cache-miss
487 silly fetch manifest lru-cache@^5.1.1
488 silly packumentCache full:https://registry.npmjs.org/lru-cache cache-miss
489 silly fetch manifest @babel/compat-data@^7.26.5
490 silly packumentCache full:https://registry.npmjs.org/@babel%2fcompat-data cache-miss
491 silly fetch manifest @babel/traverse@^7.25.9
492 silly packumentCache full:https://registry.npmjs.org/@babel%2ftraverse cache-miss
493 silly fetch manifest @babel/helper-module-imports@^7.25.9
494 silly packumentCache full:https://registry.npmjs.org/@babel%2fhelper-module-imports cache-miss
495 silly fetch manifest @babel/helper-validator-identifier@^7.25.9
496 silly packumentCache full:https://registry.npmjs.org/@babel%2fhelper-validator-identifier cache-miss
497 http fetch GET 200 https://registry.npmjs.org/@babel%2fcompat-data 17ms (cache hit)
498 silly packumentCache full:https://registry.npmjs.org/@babel%2fcompat-data set size:264174 disposed:false
499 silly fetch manifest @babel/template@^7.25.9
500 silly packumentCache full:https://registry.npmjs.org/@babel%2ftemplate cache-miss
501 http fetch GET 200 https://registry.npmjs.org/@babel%2ftraverse 21ms (cache hit)
502 silly packumentCache full:https://registry.npmjs.org/@babel%2ftraverse set size:500936 disposed:false
503 silly fetch manifest @babel/types@^7.26.7
504 silly packumentCache full:https://registry.npmjs.org/@babel%2ftypes cache-miss
505 http fetch GET 200 https://registry.npmjs.org/@babel%2ftemplate 13ms (cache hit)
506 silly packumentCache full:https://registry.npmjs.org/@babel%2ftemplate set size:199692 disposed:false
507 silly fetch manifest globals@^11.1.0
508 silly packumentCache full:https://registry.npmjs.org/globals cache-miss
509 http fetch GET 200 https://registry.npmjs.org/@babel%2ftypes 17ms (cache hit)
510 silly packumentCache full:https://registry.npmjs.org/@babel%2ftypes set size:441021 disposed:false
511 silly fetch manifest @babel/helper-string-parser@^7.25.9
512 silly packumentCache full:https://registry.npmjs.org/@babel%2fhelper-string-parser cache-miss
513 http fetch GET 200 https://registry.npmjs.org/jsesc 73ms (cache miss)
514 silly packumentCache full:https://registry.npmjs.org/jsesc set size:undefined disposed:false
515 silly fetch manifest @babel/helper-validator-identifier@^7.25.9
516 silly packumentCache full:https://registry.npmjs.org/@babel%2fhelper-validator-identifier cache-miss
517 http fetch GET 200 https://registry.npmjs.org/lru-cache 86ms (cache miss)
518 silly packumentCache full:https://registry.npmjs.org/lru-cache set size:undefined disposed:false
519 http fetch GET 200 https://registry.npmjs.org/@babel%2fhelper-validator-identifier 95ms (cache miss)
520 silly packumentCache full:https://registry.npmjs.org/@babel%2fhelper-validator-identifier set size:undefined disposed:false
521 http fetch GET 200 https://registry.npmjs.org/@babel%2fhelper-validator-identifier 109ms (cache miss)
522 silly packumentCache full:https://registry.npmjs.org/@babel%2fhelper-validator-identifier set size:undefined disposed:false
523 http fetch GET 200 https://registry.npmjs.org/@babel%2fhelper-module-imports 102ms (cache miss)
524 silly packumentCache full:https://registry.npmjs.org/@babel%2fhelper-module-imports set size:undefined disposed:false
525 http fetch GET 200 https://registry.npmjs.org/@babel%2fhelper-string-parser 67ms (cache miss)
526 silly packumentCache full:https://registry.npmjs.org/@babel%2fhelper-string-parser set size:undefined disposed:false
527 http fetch GET 200 https://registry.npmjs.org/globals 79ms (cache miss)
528 silly packumentCache full:https://registry.npmjs.org/globals set size:undefined disposed:false
529 http fetch GET 200 https://registry.npmjs.org/@babel%2fhelper-validator-identifier 59ms (cache miss)
530 silly packumentCache full:https://registry.npmjs.org/@babel%2fhelper-validator-identifier set size:undefined disposed:false
531 silly placeDep ROOT @babel/helper-validator-identifier@7.25.9 OK for: @babel/code-frame@7.26.2 want: ^7.25.9
532 silly placeDep ROOT jsesc@3.1.0 OK for: @babel/generator@7.26.8 want: ^3.0.2
533 silly placeDep ROOT @babel/compat-data@7.26.8 OK for: @babel/helper-compilation-targets@7.26.5 want: ^7.26.5
534 silly placeDep ROOT @babel/helper-validator-option@7.25.9 OK for: @babel/helper-compilation-targets@7.26.5 want: ^7.25.9
535 silly placeDep node_modules/@babel/helper-compilation-targets lru-cache@5.1.1 OK for: @babel/helper-compilation-targets@7.26.5 want: ^5.1.1
536 silly placeDep node_modules/@babel/helper-compilation-targets semver@6.3.1 OK for: @babel/helper-compilation-targets@7.26.5 want: ^6.3.1
537 silly fetch manifest yallist@^3.0.2
538 silly packumentCache full:https://registry.npmjs.org/yallist cache-miss
539 http fetch GET 200 https://registry.npmjs.org/yallist 49ms (cache miss)
540 silly packumentCache full:https://registry.npmjs.org/yallist set size:undefined disposed:false
541 silly placeDep ROOT @babel/helper-module-imports@7.25.9 OK for: @babel/helper-module-transforms@7.26.0 want: ^7.25.9
542 silly placeDep ROOT @babel/helper-plugin-utils@7.26.5 OK for: @babel/plugin-transform-react-constant-elements@7.25.9 want: ^7.25.9
543 silly fetch manifest @babel/core@^7.0.0-0
544 silly packumentCache full:https://registry.npmjs.org/@babel%2fcore cache-hit
545 silly placeDep ROOT @babel/plugin-bugfix-firefox-class-in-computed-class-key@7.25.9 OK for: @babel/preset-env@7.26.8 want: ^7.25.9
546 silly placeDep ROOT @babel/plugin-bugfix-safari-class-field-initializer-scope@7.25.9 OK for: @babel/preset-env@7.26.8 want: ^7.25.9
547 silly placeDep ROOT @babel/plugin-bugfix-safari-id-destructuring-collision-in-function-expression@7.25.9 OK for: @babel/preset-env@7.26.8 want: ^7.25.9
548 silly placeDep ROOT @babel/plugin-bugfix-v8-spread-parameters-in-optional-chaining@7.25.9 OK for: @babel/preset-env@7.26.8 want: ^7.25.9
549 silly placeDep ROOT @babel/plugin-bugfix-v8-static-class-fields-redefine-readonly@7.25.9 OK for: @babel/preset-env@7.26.8 want: ^7.25.9
550 silly placeDep ROOT @babel/plugin-proposal-private-property-in-object@7.21.0-placeholder-for-preset-env.2 OK for: @babel/preset-env@7.26.8 want: 7.21.0-placeholder-for-preset-env.2
551 silly placeDep ROOT @babel/plugin-syntax-import-assertions@7.26.0 OK for: @babel/preset-env@7.26.8 want: ^7.26.0
552 silly placeDep ROOT @babel/plugin-syntax-import-attributes@7.26.0 OK for: @babel/preset-env@7.26.8 want: ^7.26.0
553 silly placeDep ROOT @babel/plugin-syntax-unicode-sets-regex@7.18.6 OK for: @babel/preset-env@7.26.8 want: ^7.18.6
554 silly placeDep ROOT @babel/plugin-transform-arrow-functions@7.25.9 OK for: @babel/preset-env@7.26.8 want: ^7.25.9
555 silly placeDep ROOT @babel/plugin-transform-async-generator-functions@7.26.8 OK for: @babel/preset-env@7.26.8 want: ^7.26.8
556 silly placeDep ROOT @babel/plugin-transform-async-to-generator@7.25.9 OK for: @babel/preset-env@7.26.8 want: ^7.25.9
557 silly placeDep ROOT @babel/plugin-transform-block-scoped-functions@7.26.5 OK for: @babel/preset-env@7.26.8 want: ^7.26.5
558 silly placeDep ROOT @babel/plugin-transform-block-scoping@7.25.9 OK for: @babel/preset-env@7.26.8 want: ^7.25.9
559 silly placeDep ROOT @babel/plugin-transform-class-properties@7.25.9 OK for: @babel/preset-env@7.26.8 want: ^7.25.9
560 silly placeDep ROOT @babel/plugin-transform-class-static-block@7.26.0 OK for: @babel/preset-env@7.26.8 want: ^7.26.0
561 silly placeDep ROOT @babel/plugin-transform-classes@7.25.9 OK for: @babel/preset-env@7.26.8 want: ^7.25.9
562 silly placeDep ROOT @babel/plugin-transform-computed-properties@7.25.9 OK for: @babel/preset-env@7.26.8 want: ^7.25.9
563 silly placeDep ROOT @babel/plugin-transform-destructuring@7.25.9 OK for: @babel/preset-env@7.26.8 want: ^7.25.9
564 silly placeDep ROOT @babel/plugin-transform-dotall-regex@7.25.9 OK for: @babel/preset-env@7.26.8 want: ^7.25.9
565 silly placeDep ROOT @babel/plugin-transform-duplicate-keys@7.25.9 OK for: @babel/preset-env@7.26.8 want: ^7.25.9
566 silly placeDep ROOT @babel/plugin-transform-duplicate-named-capturing-groups-regex@7.25.9 OK for: @babel/preset-env@7.26.8 want: ^7.25.9
567 silly placeDep ROOT @babel/plugin-transform-dynamic-import@7.25.9 OK for: @babel/preset-env@7.26.8 want: ^7.25.9
568 silly placeDep ROOT @babel/plugin-transform-exponentiation-operator@7.26.3 OK for: @babel/preset-env@7.26.8 want: ^7.26.3
569 silly placeDep ROOT @babel/plugin-transform-export-namespace-from@7.25.9 OK for: @babel/preset-env@7.26.8 want: ^7.25.9
570 silly placeDep ROOT @babel/plugin-transform-for-of@7.25.9 OK for: @babel/preset-env@7.26.8 want: ^7.25.9
571 silly placeDep ROOT @babel/plugin-transform-function-name@7.25.9 OK for: @babel/preset-env@7.26.8 want: ^7.25.9
572 silly placeDep ROOT @babel/plugin-transform-json-strings@7.25.9 OK for: @babel/preset-env@7.26.8 want: ^7.25.9
573 silly placeDep ROOT @babel/plugin-transform-literals@7.25.9 OK for: @babel/preset-env@7.26.8 want: ^7.25.9
574 silly placeDep ROOT @babel/plugin-transform-logical-assignment-operators@7.25.9 OK for: @babel/preset-env@7.26.8 want: ^7.25.9
575 silly placeDep ROOT @babel/plugin-transform-member-expression-literals@7.25.9 OK for: @babel/preset-env@7.26.8 want: ^7.25.9
576 silly placeDep ROOT @babel/plugin-transform-modules-amd@7.25.9 OK for: @babel/preset-env@7.26.8 want: ^7.25.9
577 silly placeDep ROOT @babel/plugin-transform-modules-commonjs@7.26.3 OK for: @babel/preset-env@7.26.8 want: ^7.26.3
578 silly placeDep ROOT @babel/plugin-transform-modules-systemjs@7.25.9 OK for: @babel/preset-env@7.26.8 want: ^7.25.9
579 silly placeDep ROOT @babel/plugin-transform-modules-umd@7.25.9 OK for: @babel/preset-env@7.26.8 want: ^7.25.9
580 silly placeDep ROOT @babel/plugin-transform-named-capturing-groups-regex@7.25.9 OK for: @babel/preset-env@7.26.8 want: ^7.25.9
581 silly placeDep ROOT @babel/plugin-transform-new-target@7.25.9 OK for: @babel/preset-env@7.26.8 want: ^7.25.9
582 silly placeDep ROOT @babel/plugin-transform-nullish-coalescing-operator@7.26.6 OK for: @babel/preset-env@7.26.8 want: ^7.26.6
583 silly placeDep ROOT @babel/plugin-transform-numeric-separator@7.25.9 OK for: @babel/preset-env@7.26.8 want: ^7.25.9
584 silly placeDep ROOT @babel/plugin-transform-object-rest-spread@7.25.9 OK for: @babel/preset-env@7.26.8 want: ^7.25.9
585 silly placeDep ROOT @babel/plugin-transform-object-super@7.25.9 OK for: @babel/preset-env@7.26.8 want: ^7.25.9
586 silly placeDep ROOT @babel/plugin-transform-optional-catch-binding@7.25.9 OK for: @babel/preset-env@7.26.8 want: ^7.25.9
587 silly placeDep ROOT @babel/plugin-transform-optional-chaining@7.25.9 OK for: @babel/preset-env@7.26.8 want: ^7.25.9
588 silly placeDep ROOT @babel/plugin-transform-parameters@7.25.9 OK for: @babel/preset-env@7.26.8 want: ^7.25.9
589 silly placeDep ROOT @babel/plugin-transform-private-methods@7.25.9 OK for: @babel/preset-env@7.26.8 want: ^7.25.9
590 silly placeDep ROOT @babel/plugin-transform-private-property-in-object@7.25.9 OK for: @babel/preset-env@7.26.8 want: ^7.25.9
591 silly placeDep ROOT @babel/plugin-transform-property-literals@7.25.9 OK for: @babel/preset-env@7.26.8 want: ^7.25.9
592 silly placeDep ROOT @babel/plugin-transform-regenerator@7.25.9 OK for: @babel/preset-env@7.26.8 want: ^7.25.9
593 silly placeDep ROOT @babel/plugin-transform-regexp-modifiers@7.26.0 OK for: @babel/preset-env@7.26.8 want: ^7.26.0
594 silly placeDep ROOT @babel/plugin-transform-reserved-words@7.25.9 OK for: @babel/preset-env@7.26.8 want: ^7.25.9
595 silly placeDep ROOT @babel/plugin-transform-shorthand-properties@7.25.9 OK for: @babel/preset-env@7.26.8 want: ^7.25.9
596 silly placeDep ROOT @babel/plugin-transform-spread@7.25.9 OK for: @babel/preset-env@7.26.8 want: ^7.25.9
597 silly placeDep ROOT @babel/plugin-transform-sticky-regex@7.25.9 OK for: @babel/preset-env@7.26.8 want: ^7.25.9
598 silly placeDep ROOT @babel/plugin-transform-template-literals@7.26.8 OK for: @babel/preset-env@7.26.8 want: ^7.26.8
599 silly placeDep ROOT @babel/plugin-transform-typeof-symbol@7.26.7 OK for: @babel/preset-env@7.26.8 want: ^7.26.7
600 silly placeDep ROOT @babel/plugin-transform-unicode-escapes@7.25.9 OK for: @babel/preset-env@7.26.8 want: ^7.25.9
601 silly placeDep ROOT @babel/plugin-transform-unicode-property-regex@7.25.9 OK for: @babel/preset-env@7.26.8 want: ^7.25.9
602 silly placeDep ROOT @babel/plugin-transform-unicode-regex@7.25.9 OK for: @babel/preset-env@7.26.8 want: ^7.25.9
603 silly placeDep ROOT @babel/plugin-transform-unicode-sets-regex@7.25.9 OK for: @babel/preset-env@7.26.8 want: ^7.25.9
604 silly placeDep ROOT @babel/preset-modules@0.1.6-no-external-plugins OK for: @babel/preset-env@7.26.8 want: 0.1.6-no-external-plugins
605 silly placeDep ROOT babel-plugin-polyfill-corejs2@0.4.12 OK for: @babel/preset-env@7.26.8 want: ^0.4.10
606 silly placeDep ROOT babel-plugin-polyfill-corejs3@0.11.1 OK for: @babel/preset-env@7.26.8 want: ^0.11.0
607 silly placeDep ROOT babel-plugin-polyfill-regenerator@0.6.3 OK for: @babel/preset-env@7.26.8 want: ^0.6.1
608 silly placeDep ROOT core-js-compat@3.40.0 OK for: @babel/preset-env@7.26.8 want: ^3.40.0
609 silly placeDep node_modules/@babel/preset-env semver@6.3.1 OK for: @babel/preset-env@7.26.8 want: ^6.3.1
610 silly fetch manifest @babel/helper-skip-transparent-expression-wrappers@^7.25.9
611 silly packumentCache full:https://registry.npmjs.org/@babel%2fhelper-skip-transparent-expression-wrappers cache-miss
612 silly fetch manifest @babel/helper-create-regexp-features-plugin@^7.18.6
613 silly packumentCache full:https://registry.npmjs.org/@babel%2fhelper-create-regexp-features-plugin cache-miss
614 silly fetch manifest @babel/helper-remap-async-to-generator@^7.25.9
615 silly packumentCache full:https://registry.npmjs.org/@babel%2fhelper-remap-async-to-generator cache-miss
616 silly fetch manifest @babel/helper-remap-async-to-generator@^7.25.9
617 silly packumentCache full:https://registry.npmjs.org/@babel%2fhelper-remap-async-to-generator cache-miss
618 silly fetch manifest @babel/helper-create-class-features-plugin@^7.25.9
619 silly packumentCache full:https://registry.npmjs.org/@babel%2fhelper-create-class-features-plugin cache-miss
620 silly fetch manifest @babel/helper-create-class-features-plugin@^7.25.9
621 silly packumentCache full:https://registry.npmjs.org/@babel%2fhelper-create-class-features-plugin cache-miss
622 silly fetch manifest @babel/helper-replace-supers@^7.25.9
623 silly packumentCache full:https://registry.npmjs.org/@babel%2fhelper-replace-supers cache-miss
624 http fetch GET 200 https://registry.npmjs.org/@babel%2fhelper-remap-async-to-generator 68ms (cache miss)
625 silly packumentCache full:https://registry.npmjs.org/@babel%2fhelper-remap-async-to-generator set size:undefined disposed:false
626 silly fetch manifest @babel/helper-annotate-as-pure@^7.25.9
627 silly packumentCache full:https://registry.npmjs.org/@babel%2fhelper-annotate-as-pure cache-miss
628 http fetch GET 200 https://registry.npmjs.org/@babel%2fhelper-skip-transparent-expression-wrappers 88ms (cache miss)
629 silly packumentCache full:https://registry.npmjs.org/@babel%2fhelper-skip-transparent-expression-wrappers set size:undefined disposed:false
630 silly fetch manifest @babel/helper-create-regexp-features-plugin@^7.25.9
631 silly packumentCache full:https://registry.npmjs.org/@babel%2fhelper-create-regexp-features-plugin cache-miss
632 http fetch GET 200 https://registry.npmjs.org/@babel%2fhelper-remap-async-to-generator 92ms (cache miss)
633 silly packumentCache full:https://registry.npmjs.org/@babel%2fhelper-remap-async-to-generator set size:undefined disposed:false
634 silly fetch manifest @babel/helper-create-regexp-features-plugin@^7.25.9
635 silly packumentCache full:https://registry.npmjs.org/@babel%2fhelper-create-regexp-features-plugin cache-miss
636 http fetch GET 200 https://registry.npmjs.org/@babel%2fhelper-create-class-features-plugin 103ms (cache miss)
637 silly packumentCache full:https://registry.npmjs.org/@babel%2fhelper-create-class-features-plugin set size:undefined disposed:false
638 silly fetch manifest @babel/helper-create-regexp-features-plugin@^7.25.9
639 silly packumentCache full:https://registry.npmjs.org/@babel%2fhelper-create-regexp-features-plugin cache-miss
640 http fetch GET 200 https://registry.npmjs.org/@babel%2fhelper-create-regexp-features-plugin 116ms (cache miss)
641 silly packumentCache full:https://registry.npmjs.org/@babel%2fhelper-create-regexp-features-plugin set size:undefined disposed:false
642 silly fetch manifest @babel/helper-replace-supers@^7.25.9
643 silly packumentCache full:https://registry.npmjs.org/@babel%2fhelper-replace-supers cache-miss
644 http fetch GET 200 https://registry.npmjs.org/@babel%2fhelper-replace-supers 115ms (cache miss)
645 silly packumentCache full:https://registry.npmjs.org/@babel%2fhelper-replace-supers set size:undefined disposed:false
646 silly fetch manifest @babel/helper-annotate-as-pure@^7.25.9
647 silly packumentCache full:https://registry.npmjs.org/@babel%2fhelper-annotate-as-pure cache-miss
648 http fetch GET 200 https://registry.npmjs.org/@babel%2fhelper-create-class-features-plugin 122ms (cache miss)
649 silly packumentCache full:https://registry.npmjs.org/@babel%2fhelper-create-class-features-plugin set size:undefined disposed:false
650 silly fetch manifest regenerator-transform@^0.15.2
651 silly packumentCache full:https://registry.npmjs.org/regenerator-transform cache-miss
652 http fetch GET 200 https://registry.npmjs.org/@babel%2fhelper-create-regexp-features-plugin 20ms (cache hit)
653 silly packumentCache full:https://registry.npmjs.org/@babel%2fhelper-create-regexp-features-plugin set size:149761 disposed:false
654 silly fetch manifest @babel/helper-define-polyfill-provider@^0.6.3
655 silly packumentCache full:https://registry.npmjs.org/@babel%2fhelper-define-polyfill-provider cache-miss
656 http fetch GET 200 https://registry.npmjs.org/@babel%2fhelper-replace-supers 25ms (cache hit)
657 silly packumentCache full:https://registry.npmjs.org/@babel%2fhelper-replace-supers set size:233648 disposed:false
658 silly fetch manifest @babel/helper-define-polyfill-provider@^0.6.3
659 silly packumentCache full:https://registry.npmjs.org/@babel%2fhelper-define-polyfill-provider cache-miss
660 http fetch GET 200 https://registry.npmjs.org/@babel%2fhelper-create-regexp-features-plugin 68ms (cache miss)
661 silly packumentCache full:https://registry.npmjs.org/@babel%2fhelper-create-regexp-features-plugin set size:undefined disposed:false
662 silly packumentCache full:https://registry.npmjs.org/@babel%2fhelper-create-regexp-features-plugin dispose
663 silly fetch manifest @babel/helper-define-polyfill-provider@^0.6.3
664 silly packumentCache full:https://registry.npmjs.org/@babel%2fhelper-define-polyfill-provider cache-miss
665 http fetch GET 200 https://registry.npmjs.org/@babel%2fhelper-create-regexp-features-plugin 68ms (cache miss)
666 silly packumentCache full:https://registry.npmjs.org/@babel%2fhelper-create-regexp-features-plugin set size:undefined disposed:true
667 silly fetch manifest browserslist@^4.24.3
668 silly packumentCache full:https://registry.npmjs.org/browserslist cache-miss
669 http fetch GET 200 https://registry.npmjs.org/regenerator-transform 51ms (cache miss)
670 silly packumentCache full:https://registry.npmjs.org/regenerator-transform set size:undefined disposed:false
671 http fetch GET 200 https://registry.npmjs.org/@babel%2fhelper-annotate-as-pure 60ms (cache miss)
672 silly packumentCache full:https://registry.npmjs.org/@babel%2fhelper-annotate-as-pure set size:undefined disposed:false
673 http fetch GET 200 https://registry.npmjs.org/@babel%2fhelper-define-polyfill-provider 58ms (cache miss)
674 silly packumentCache full:https://registry.npmjs.org/@babel%2fhelper-define-polyfill-provider set size:undefined disposed:false
675 http fetch GET 200 https://registry.npmjs.org/@babel%2fhelper-define-polyfill-provider 56ms (cache miss)
676 silly packumentCache full:https://registry.npmjs.org/@babel%2fhelper-define-polyfill-provider set size:undefined disposed:false
677 http fetch GET 200 https://registry.npmjs.org/@babel%2fhelper-define-polyfill-provider 71ms (cache miss)
678 silly packumentCache full:https://registry.npmjs.org/@babel%2fhelper-define-polyfill-provider set size:undefined disposed:false
679 http fetch GET 200 https://registry.npmjs.org/@babel%2fhelper-annotate-as-pure 161ms (cache miss)
680 silly packumentCache full:https://registry.npmjs.org/@babel%2fhelper-annotate-as-pure set size:undefined disposed:false
681 http fetch GET 200 https://registry.npmjs.org/browserslist 76ms (cache miss)
682 silly packumentCache full:https://registry.npmjs.org/browserslist set size:undefined disposed:false
683 silly placeDep ROOT @babel/helper-skip-transparent-expression-wrappers@7.25.9 OK for: @babel/plugin-bugfix-v8-spread-parameters-in-optional-chaining@7.25.9 want: ^7.25.9
684 silly placeDep ROOT @babel/helper-create-regexp-features-plugin@7.26.3 OK for: @babel/plugin-syntax-unicode-sets-regex@7.18.6 want: ^7.18.6
685 silly fetch manifest regexpu-core@^6.2.0
686 silly packumentCache full:https://registry.npmjs.org/regexpu-core cache-miss
687 http fetch GET 200 https://registry.npmjs.org/regexpu-core 48ms (cache miss)
688 silly packumentCache full:https://registry.npmjs.org/regexpu-core set size:undefined disposed:false
689 silly placeDep ROOT @babel/helper-annotate-as-pure@7.25.9 OK for: @babel/helper-create-regexp-features-plugin@7.26.3 want: ^7.25.9
690 silly placeDep ROOT regexpu-core@6.2.0 OK for: @babel/helper-create-regexp-features-plugin@7.26.3 want: ^6.2.0
691 silly placeDep node_modules/@babel/helper-create-regexp-features-plugin semver@6.3.1 OK for: @babel/helper-create-regexp-features-plugin@7.26.3 want: ^6.3.1
692 silly fetch manifest regenerate@^1.4.2
693 silly packumentCache full:https://registry.npmjs.org/regenerate cache-miss
694 silly fetch manifest regenerate-unicode-properties@^10.2.0
695 silly packumentCache full:https://registry.npmjs.org/regenerate-unicode-properties cache-miss
696 silly fetch manifest regjsgen@^0.8.0
697 silly packumentCache full:https://registry.npmjs.org/regjsgen cache-miss
698 silly fetch manifest regjsparser@^0.12.0
699 silly packumentCache full:https://registry.npmjs.org/regjsparser cache-miss
700 silly fetch manifest unicode-match-property-ecmascript@^2.0.0
701 silly packumentCache full:https://registry.npmjs.org/unicode-match-property-ecmascript cache-miss
702 silly fetch manifest unicode-match-property-value-ecmascript@^2.1.0
703 silly packumentCache full:https://registry.npmjs.org/unicode-match-property-value-ecmascript cache-miss
704 http fetch GET 200 https://registry.npmjs.org/unicode-match-property-ecmascript 66ms (cache miss)
705 silly packumentCache full:https://registry.npmjs.org/unicode-match-property-ecmascript set size:undefined disposed:false
706 http fetch GET 200 https://registry.npmjs.org/regenerate 74ms (cache miss)
707 silly packumentCache full:https://registry.npmjs.org/regenerate set size:undefined disposed:false
708 http fetch GET 200 https://registry.npmjs.org/regjsgen 73ms (cache miss)
709 silly packumentCache full:https://registry.npmjs.org/regjsgen set size:undefined disposed:false
710 http fetch GET 200 https://registry.npmjs.org/regjsparser 74ms (cache miss)
711 silly packumentCache full:https://registry.npmjs.org/regjsparser set size:undefined disposed:false
712 http fetch GET 200 https://registry.npmjs.org/regenerate-unicode-properties 80ms (cache miss)
713 silly packumentCache full:https://registry.npmjs.org/regenerate-unicode-properties set size:undefined disposed:false
714 http fetch GET 200 https://registry.npmjs.org/unicode-match-property-value-ecmascript 77ms (cache miss)
715 silly packumentCache full:https://registry.npmjs.org/unicode-match-property-value-ecmascript set size:undefined disposed:false
716 silly placeDep ROOT @babel/helper-remap-async-to-generator@7.25.9 OK for: @babel/plugin-transform-async-generator-functions@7.26.8 want: ^7.25.9
717 silly fetch manifest @babel/helper-wrap-function@^7.25.9
718 silly packumentCache full:https://registry.npmjs.org/@babel%2fhelper-wrap-function cache-miss
719 http fetch GET 200 https://registry.npmjs.org/@babel%2fhelper-wrap-function 69ms (cache miss)
720 silly packumentCache full:https://registry.npmjs.org/@babel%2fhelper-wrap-function set size:undefined disposed:false
721 silly placeDep ROOT @babel/helper-wrap-function@7.25.9 OK for: @babel/helper-remap-async-to-generator@7.25.9 want: ^7.25.9
722 silly placeDep ROOT @babel/helper-create-class-features-plugin@7.25.9 OK for: @babel/plugin-transform-class-properties@7.25.9 want: ^7.25.9
723 silly fetch manifest @babel/helper-optimise-call-expression@^7.25.9
724 silly packumentCache full:https://registry.npmjs.org/@babel%2fhelper-optimise-call-expression cache-miss
725 silly fetch manifest @babel/helper-member-expression-to-functions@^7.25.9
726 silly packumentCache full:https://registry.npmjs.org/@babel%2fhelper-member-expression-to-functions cache-miss
727 http fetch GET 200 https://registry.npmjs.org/@babel%2fhelper-optimise-call-expression 73ms (cache miss)
728 silly packumentCache full:https://registry.npmjs.org/@babel%2fhelper-optimise-call-expression set size:undefined disposed:false
729 http fetch GET 200 https://registry.npmjs.org/@babel%2fhelper-member-expression-to-functions 78ms (cache miss)
730 silly packumentCache full:https://registry.npmjs.org/@babel%2fhelper-member-expression-to-functions set size:undefined disposed:false
731 silly placeDep ROOT @babel/helper-member-expression-to-functions@7.25.9 OK for: @babel/helper-create-class-features-plugin@7.25.9 want: ^7.25.9
732 silly placeDep ROOT @babel/helper-optimise-call-expression@7.25.9 OK for: @babel/helper-create-class-features-plugin@7.25.9 want: ^7.25.9
733 silly placeDep ROOT @babel/helper-replace-supers@7.26.5 OK for: @babel/helper-create-class-features-plugin@7.25.9 want: ^7.25.9
734 silly placeDep node_modules/@babel/helper-create-class-features-plugin semver@6.3.1 OK for: @babel/helper-create-class-features-plugin@7.25.9 want: ^6.3.1
735 silly placeDep node_modules/@babel/plugin-transform-classes globals@11.12.0 OK for: @babel/plugin-transform-classes@7.25.9 want: ^11.1.0
736 silly placeDep ROOT regenerator-transform@0.15.2 OK for: @babel/plugin-transform-regenerator@7.25.9 want: ^0.15.2
737 silly placeDep ROOT @babel/plugin-transform-react-display-name@7.25.9 OK for: @babel/preset-react@7.26.3 want: ^7.25.9
738 silly placeDep ROOT @babel/plugin-transform-react-jsx@7.25.9 OK for: @babel/preset-react@7.26.3 want: ^7.25.9
739 silly placeDep ROOT @babel/plugin-transform-react-jsx-development@7.25.9 OK for: @babel/preset-react@7.26.3 want: ^7.25.9
740 silly placeDep ROOT @babel/plugin-transform-react-pure-annotations@7.25.9 OK for: @babel/preset-react@7.26.3 want: ^7.25.9
741 silly placeDep ROOT @babel/plugin-syntax-jsx@7.25.9 OK for: @babel/plugin-transform-react-jsx@7.25.9 want: ^7.25.9
742 silly placeDep ROOT @babel/plugin-transform-typescript@7.26.8 OK for: @babel/preset-typescript@7.26.0 want: ^7.25.9
743 silly fetch manifest @babel/plugin-syntax-typescript@^7.25.9
744 silly packumentCache full:https://registry.npmjs.org/@babel%2fplugin-syntax-typescript cache-miss
745 http fetch GET 200 https://registry.npmjs.org/@babel%2fplugin-syntax-typescript 75ms (cache miss)
746 silly packumentCache full:https://registry.npmjs.org/@babel%2fplugin-syntax-typescript set size:undefined disposed:false
747 silly placeDep ROOT @babel/plugin-syntax-typescript@7.25.9 OK for: @babel/plugin-transform-typescript@7.26.8 want: ^7.25.9
748 silly placeDep node_modules/@babel/traverse globals@11.12.0 OK for: @babel/traverse@7.26.8 want: ^11.1.0
749 silly placeDep ROOT @babel/helper-string-parser@7.25.9 OK for: @babel/types@7.26.8 want: ^7.25.9
750 silly fetch manifest typescript@>=4.9.5
751 silly packumentCache full:https://registry.npmjs.org/typescript cache-miss
752 http fetch GET 200 https://registry.npmjs.org/typescript 276ms (cache miss)
753 silly packumentCache full:https://registry.npmjs.org/typescript set size:undefined disposed:false
754 silly placeDep ROOT @svgr/babel-preset@8.1.0 OK for: @svgr/core@8.1.0 want: 8.1.0
755 silly placeDep ROOT camelcase@6.3.0 OK for: @svgr/core@8.1.0 want: ^6.2.0
756 silly placeDep ROOT cosmiconfig@8.3.6 OK for: @svgr/core@8.1.0 want: ^8.1.3
757 silly placeDep ROOT snake-case@3.0.4 OK for: @svgr/core@8.1.0 want: ^3.0.4
758 silly fetch manifest @svgr/babel-plugin-add-jsx-attribute@8.0.0
759 silly packumentCache full:https://registry.npmjs.org/@svgr%2fbabel-plugin-add-jsx-attribute cache-miss
760 silly fetch manifest @svgr/babel-plugin-remove-jsx-attribute@8.0.0
761 silly packumentCache full:https://registry.npmjs.org/@svgr%2fbabel-plugin-remove-jsx-attribute cache-miss
762 silly fetch manifest @svgr/babel-plugin-remove-jsx-empty-expression@8.0.0
763 silly packumentCache full:https://registry.npmjs.org/@svgr%2fbabel-plugin-remove-jsx-empty-expression cache-miss
764 silly fetch manifest @svgr/babel-plugin-replace-jsx-attribute-value@8.0.0
765 silly packumentCache full:https://registry.npmjs.org/@svgr%2fbabel-plugin-replace-jsx-attribute-value cache-miss
766 silly fetch manifest @svgr/babel-plugin-svg-dynamic-title@8.0.0
767 silly packumentCache full:https://registry.npmjs.org/@svgr%2fbabel-plugin-svg-dynamic-title cache-miss
768 silly fetch manifest @svgr/babel-plugin-svg-em-dimensions@8.0.0
769 silly packumentCache full:https://registry.npmjs.org/@svgr%2fbabel-plugin-svg-em-dimensions cache-miss
770 silly fetch manifest @svgr/babel-plugin-transform-react-native-svg@8.1.0
771 silly packumentCache full:https://registry.npmjs.org/@svgr%2fbabel-plugin-transform-react-native-svg cache-miss
772 http fetch GET 200 https://registry.npmjs.org/@svgr%2fbabel-plugin-remove-jsx-attribute 74ms (cache miss)
773 silly packumentCache full:https://registry.npmjs.org/@svgr%2fbabel-plugin-remove-jsx-attribute set size:undefined disposed:false
774 silly fetch manifest @svgr/babel-plugin-transform-svg-component@8.0.0
775 silly packumentCache full:https://registry.npmjs.org/@svgr%2fbabel-plugin-transform-svg-component cache-miss
776 http fetch GET 200 https://registry.npmjs.org/@svgr%2fbabel-plugin-remove-jsx-empty-expression 76ms (cache miss)
777 silly packumentCache full:https://registry.npmjs.org/@svgr%2fbabel-plugin-remove-jsx-empty-expression set size:undefined disposed:false
778 silly fetch manifest parse-json@^5.2.0
779 silly packumentCache full:https://registry.npmjs.org/parse-json cache-miss
780 http fetch GET 200 https://registry.npmjs.org/@svgr%2fbabel-plugin-replace-jsx-attribute-value 90ms (cache miss)
781 silly packumentCache full:https://registry.npmjs.org/@svgr%2fbabel-plugin-replace-jsx-attribute-value set size:undefined disposed:false
782 silly fetch manifest dot-case@^3.0.4
783 silly packumentCache full:https://registry.npmjs.org/dot-case cache-miss
784 http fetch GET 200 https://registry.npmjs.org/@svgr%2fbabel-plugin-transform-react-native-svg 102ms (cache miss)
785 silly packumentCache full:https://registry.npmjs.org/@svgr%2fbabel-plugin-transform-react-native-svg set size:undefined disposed:false
786 http fetch GET 200 https://registry.npmjs.org/@svgr%2fbabel-plugin-svg-em-dimensions 105ms (cache miss)
787 silly packumentCache full:https://registry.npmjs.org/@svgr%2fbabel-plugin-svg-em-dimensions set size:undefined disposed:false
788 http fetch GET 200 https://registry.npmjs.org/@svgr%2fbabel-plugin-svg-dynamic-title 107ms (cache miss)
789 silly packumentCache full:https://registry.npmjs.org/@svgr%2fbabel-plugin-svg-dynamic-title set size:undefined disposed:false
790 http fetch GET 200 https://registry.npmjs.org/parse-json 82ms (cache miss)
791 silly packumentCache full:https://registry.npmjs.org/parse-json set size:undefined disposed:false
792 http fetch GET 200 https://registry.npmjs.org/dot-case 70ms (cache miss)
793 silly packumentCache full:https://registry.npmjs.org/dot-case set size:undefined disposed:false
794 http fetch GET 200 https://registry.npmjs.org/@svgr%2fbabel-plugin-transform-svg-component 91ms (cache miss)
795 silly packumentCache full:https://registry.npmjs.org/@svgr%2fbabel-plugin-transform-svg-component set size:undefined disposed:false
796 http fetch GET 200 https://registry.npmjs.org/@svgr%2fbabel-plugin-add-jsx-attribute 316ms (cache miss)
797 silly packumentCache full:https://registry.npmjs.org/@svgr%2fbabel-plugin-add-jsx-attribute set size:undefined disposed:false
798 silly placeDep ROOT @svgr/babel-plugin-add-jsx-attribute@8.0.0 OK for: @svgr/babel-preset@8.1.0 want: 8.0.0
799 silly placeDep ROOT @svgr/babel-plugin-remove-jsx-attribute@8.0.0 OK for: @svgr/babel-preset@8.1.0 want: 8.0.0
800 silly placeDep ROOT @svgr/babel-plugin-remove-jsx-empty-expression@8.0.0 OK for: @svgr/babel-preset@8.1.0 want: 8.0.0
801 silly placeDep ROOT @svgr/babel-plugin-replace-jsx-attribute-value@8.0.0 OK for: @svgr/babel-preset@8.1.0 want: 8.0.0
802 silly placeDep ROOT @svgr/babel-plugin-svg-dynamic-title@8.0.0 OK for: @svgr/babel-preset@8.1.0 want: 8.0.0
803 silly placeDep ROOT @svgr/babel-plugin-svg-em-dimensions@8.0.0 OK for: @svgr/babel-preset@8.1.0 want: 8.0.0
804 silly placeDep ROOT @svgr/babel-plugin-transform-react-native-svg@8.1.0 OK for: @svgr/babel-preset@8.1.0 want: 8.1.0
805 silly placeDep ROOT @svgr/babel-plugin-transform-svg-component@8.0.0 OK for: @svgr/babel-preset@8.1.0 want: 8.0.0
806 silly placeDep ROOT @svgr/hast-util-to-babel-ast@8.0.0 OK for: @svgr/plugin-jsx@8.1.0 want: 8.0.0
807 silly placeDep ROOT svg-parser@2.0.4 OK for: @svgr/plugin-jsx@8.1.0 want: ^2.0.4
808 silly fetch manifest entities@^4.4.0
809 silly packumentCache full:https://registry.npmjs.org/entities cache-miss
810 http fetch GET 200 https://registry.npmjs.org/entities 65ms (cache miss)
811 silly packumentCache full:https://registry.npmjs.org/entities set size:undefined disposed:false
812 silly placeDep ROOT entities@4.5.0 OK for: @svgr/hast-util-to-babel-ast@8.0.0 want: ^4.4.0
813 silly placeDep ROOT deepmerge@4.3.1 OK for: @svgr/plugin-svgo@8.1.0 want: ^4.3.1
814 silly placeDep ROOT svgo@3.3.2 OK for: @svgr/plugin-svgo@8.1.0 want: ^3.0.2
815 silly fetch manifest csso@^5.0.5
816 silly packumentCache full:https://registry.npmjs.org/csso cache-miss
817 silly fetch manifest css-tree@^2.3.1
818 silly packumentCache full:https://registry.npmjs.org/css-tree cache-miss
819 silly fetch manifest css-what@^6.1.0
820 silly packumentCache full:https://registry.npmjs.org/css-what cache-miss
821 silly fetch manifest commander@^7.2.0
822 silly packumentCache full:https://registry.npmjs.org/commander cache-miss
823 silly fetch manifest css-select@^5.1.0
824 silly packumentCache full:https://registry.npmjs.org/css-select cache-miss
825 silly fetch manifest @trysound/sax@0.2.0
826 silly packumentCache full:https://registry.npmjs.org/@trysound%2fsax cache-miss
827 http fetch GET 200 https://registry.npmjs.org/csso 76ms (cache miss)
828 silly packumentCache full:https://registry.npmjs.org/csso set size:undefined disposed:false
829 http fetch GET 200 https://registry.npmjs.org/css-what 86ms (cache miss)
830 silly packumentCache full:https://registry.npmjs.org/css-what set size:undefined disposed:false
831 http fetch GET 200 https://registry.npmjs.org/css-tree 97ms (cache miss)
832 silly packumentCache full:https://registry.npmjs.org/css-tree set size:undefined disposed:false
833 http fetch GET 200 https://registry.npmjs.org/css-select 100ms (cache miss)
834 silly packumentCache full:https://registry.npmjs.org/css-select set size:undefined disposed:false
835 http fetch GET 200 https://registry.npmjs.org/@trysound%2fsax 105ms (cache miss)
836 silly packumentCache full:https://registry.npmjs.org/@trysound%2fsax set size:undefined disposed:false
837 http fetch GET 200 https://registry.npmjs.org/commander 110ms (cache miss)
838 silly packumentCache full:https://registry.npmjs.org/commander set size:undefined disposed:false
839 silly fetch manifest @babel/core@^7.4.0 || ^8.0.0-0 <8.0.0
840 silly packumentCache full:https://registry.npmjs.org/@babel%2fcore cache-hit
841 silly placeDep ROOT @babel/helper-define-polyfill-provider@0.6.3 OK for: babel-plugin-polyfill-corejs2@0.4.12 want: ^0.6.3
842 silly placeDep node_modules/babel-plugin-polyfill-corejs2 semver@6.3.1 OK for: babel-plugin-polyfill-corejs2@0.4.12 want: ^6.3.1
843 silly fetch manifest lodash.debounce@^4.0.8
844 silly packumentCache full:https://registry.npmjs.org/lodash.debounce cache-miss
845 http fetch GET 200 https://registry.npmjs.org/lodash.debounce 59ms (cache miss)
846 silly packumentCache full:https://registry.npmjs.org/lodash.debounce set size:undefined disposed:false
847 silly placeDep ROOT lodash.debounce@4.0.8 OK for: @babel/helper-define-polyfill-provider@0.6.3 want: ^4.0.8
848 silly placeDep ROOT browserslist@4.24.4 REPLACE for: core-js-compat@3.40.0 want: ^4.24.3
849 silly fetch manifest caniuse-lite@^1.0.30001688
850 silly packumentCache full:https://registry.npmjs.org/caniuse-lite cache-miss
851 silly fetch manifest electron-to-chromium@^1.5.73
852 silly packumentCache full:https://registry.npmjs.org/electron-to-chromium cache-miss
853 silly fetch manifest node-releases@^2.0.19
854 silly packumentCache full:https://registry.npmjs.org/node-releases cache-miss
855 http fetch GET 200 https://registry.npmjs.org/node-releases 70ms (cache miss)
856 silly packumentCache full:https://registry.npmjs.org/node-releases set size:undefined disposed:false
857 http fetch GET 200 https://registry.npmjs.org/caniuse-lite 113ms (cache miss)
858 silly packumentCache full:https://registry.npmjs.org/caniuse-lite set size:undefined disposed:false
859 http fetch GET 200 https://registry.npmjs.org/electron-to-chromium 157ms (cache miss)
860 silly packumentCache full:https://registry.npmjs.org/electron-to-chromium set size:undefined disposed:false
861 silly placeDep ROOT caniuse-lite@1.0.30001699 REPLACE for: browserslist@4.24.4 want: ^1.0.30001688
862 silly placeDep ROOT electron-to-chromium@1.5.97 OK for: browserslist@4.24.4 want: ^1.5.73
863 silly placeDep ROOT node-releases@2.0.19 OK for: browserslist@4.24.4 want: ^2.0.19
864 silly placeDep ROOT parse-json@5.2.0 OK for: cosmiconfig@8.3.6 want: ^5.2.0
865 silly fetch manifest error-ex@^1.3.1
866 silly packumentCache full:https://registry.npmjs.org/error-ex cache-miss
867 silly fetch manifest json-parse-even-better-errors@^2.3.0
868 silly packumentCache full:https://registry.npmjs.org/json-parse-even-better-errors cache-miss
869 http fetch GET 200 https://registry.npmjs.org/error-ex 44ms (cache miss)
870 silly packumentCache full:https://registry.npmjs.org/error-ex set size:undefined disposed:false
871 http fetch GET 200 https://registry.npmjs.org/json-parse-even-better-errors 59ms (cache miss)
872 silly packumentCache full:https://registry.npmjs.org/json-parse-even-better-errors set size:undefined disposed:false
873 silly placeDep ROOT error-ex@1.3.2 OK for: parse-json@5.2.0 want: ^1.3.1
874 silly placeDep ROOT json-parse-even-better-errors@2.3.1 OK for: parse-json@5.2.0 want: ^2.3.0
875 silly fetch manifest is-arrayish@^0.2.1
876 silly packumentCache full:https://registry.npmjs.org/is-arrayish cache-miss
877 http fetch GET 200 https://registry.npmjs.org/is-arrayish 44ms (cache miss)
878 silly packumentCache full:https://registry.npmjs.org/is-arrayish set size:undefined disposed:false
879 silly placeDep ROOT is-arrayish@0.2.1 OK for: error-ex@1.3.2 want: ^0.2.1
880 silly placeDep ROOT regenerate@1.4.2 OK for: regexpu-core@6.2.0 want: ^1.4.2
881 silly placeDep ROOT regenerate-unicode-properties@10.2.0 OK for: regexpu-core@6.2.0 want: ^10.2.0
882 silly placeDep ROOT regjsgen@0.8.0 OK for: regexpu-core@6.2.0 want: ^0.8.0
883 silly placeDep ROOT regjsparser@0.12.0 OK for: regexpu-core@6.2.0 want: ^0.12.0
884 silly placeDep ROOT unicode-match-property-ecmascript@2.0.0 OK for: regexpu-core@6.2.0 want: ^2.0.0
885 silly placeDep ROOT unicode-match-property-value-ecmascript@2.2.0 OK for: regexpu-core@6.2.0 want: ^2.1.0
886 silly fetch manifest jsesc@~3.0.2
887 silly packumentCache full:https://registry.npmjs.org/jsesc cache-miss
888 silly fetch manifest unicode-canonical-property-names-ecmascript@^2.0.0
889 silly packumentCache full:https://registry.npmjs.org/unicode-canonical-property-names-ecmascript cache-miss
890 silly fetch manifest unicode-property-aliases-ecmascript@^2.0.0
891 silly packumentCache full:https://registry.npmjs.org/unicode-property-aliases-ecmascript cache-miss
892 http fetch GET 200 https://registry.npmjs.org/jsesc 14ms (cache hit)
893 silly packumentCache full:https://registry.npmjs.org/jsesc set size:61512 disposed:false
894 http fetch GET 200 https://registry.npmjs.org/unicode-canonical-property-names-ecmascript 59ms (cache miss)
895 silly packumentCache full:https://registry.npmjs.org/unicode-canonical-property-names-ecmascript set size:undefined disposed:false
896 http fetch GET 200 https://registry.npmjs.org/unicode-property-aliases-ecmascript 60ms (cache miss)
897 silly packumentCache full:https://registry.npmjs.org/unicode-property-aliases-ecmascript set size:undefined disposed:false
898 silly placeDep node_modules/regjsparser jsesc@3.0.2 OK for: regjsparser@0.12.0 want: ~3.0.2
899 silly placeDep ROOT dot-case@3.0.4 OK for: snake-case@3.0.4 want: ^3.0.4
900 silly fetch manifest no-case@^3.0.4
901 silly packumentCache full:https://registry.npmjs.org/no-case cache-miss
902 http fetch GET 200 https://registry.npmjs.org/no-case 50ms (cache miss)
903 silly packumentCache full:https://registry.npmjs.org/no-case set size:undefined disposed:false
904 silly placeDep ROOT no-case@3.0.4 OK for: dot-case@3.0.4 want: ^3.0.4
905 silly fetch manifest lower-case@^2.0.2
906 silly packumentCache full:https://registry.npmjs.org/lower-case cache-miss
907 http fetch GET 200 https://registry.npmjs.org/lower-case 299ms (cache miss)
908 silly packumentCache full:https://registry.npmjs.org/lower-case set size:undefined disposed:false
909 silly placeDep ROOT lower-case@2.0.2 OK for: no-case@3.0.4 want: ^2.0.2
910 silly placeDep ROOT @trysound/sax@0.2.0 OK for: svgo@3.3.2 want: 0.2.0
911 silly placeDep node_modules/svgo commander@7.2.0 OK for: svgo@3.3.2 want: ^7.2.0
912 silly placeDep ROOT css-select@5.1.0 OK for: svgo@3.3.2 want: ^5.1.0
913 silly placeDep ROOT css-tree@2.3.1 OK for: svgo@3.3.2 want: ^2.3.1
914 silly placeDep ROOT css-what@6.1.0 OK for: svgo@3.3.2 want: ^6.1.0
915 silly placeDep ROOT csso@5.0.5 OK for: svgo@3.3.2 want: ^5.0.5
916 silly fetch manifest boolbase@^1.0.0
917 silly packumentCache full:https://registry.npmjs.org/boolbase cache-miss
918 silly fetch manifest domhandler@^5.0.2
919 silly packumentCache full:https://registry.npmjs.org/domhandler cache-miss
920 silly fetch manifest domutils@^3.0.1
921 silly packumentCache full:https://registry.npmjs.org/domutils cache-miss
922 silly fetch manifest nth-check@^2.0.1
923 silly packumentCache full:https://registry.npmjs.org/nth-check cache-miss
924 silly fetch manifest mdn-data@2.0.30
925 silly packumentCache full:https://registry.npmjs.org/mdn-data cache-miss
926 silly fetch manifest css-tree@~2.2.0
927 silly packumentCache full:https://registry.npmjs.org/css-tree cache-miss
928 http fetch GET 200 https://registry.npmjs.org/css-tree 15ms (cache hit)
929 silly packumentCache full:https://registry.npmjs.org/css-tree set size:221018 disposed:false
930 http fetch GET 200 https://registry.npmjs.org/nth-check 53ms (cache miss)
931 silly packumentCache full:https://registry.npmjs.org/nth-check set size:undefined disposed:false
932 http fetch GET 200 https://registry.npmjs.org/boolbase 60ms (cache miss)
933 silly packumentCache full:https://registry.npmjs.org/boolbase set size:undefined disposed:false
934 http fetch GET 200 https://registry.npmjs.org/mdn-data 69ms (cache miss)
935 silly packumentCache full:https://registry.npmjs.org/mdn-data set size:undefined disposed:false
936 http fetch GET 200 https://registry.npmjs.org/domhandler 81ms (cache miss)
937 silly packumentCache full:https://registry.npmjs.org/domhandler set size:undefined disposed:false
938 http fetch GET 200 https://registry.npmjs.org/domutils 84ms (cache miss)
939 silly packumentCache full:https://registry.npmjs.org/domutils set size:undefined disposed:false
940 silly placeDep ROOT boolbase@1.0.0 OK for: css-select@5.1.0 want: ^1.0.0
941 silly placeDep ROOT domhandler@5.0.3 OK for: css-select@5.1.0 want: ^5.0.2
942 silly placeDep ROOT domutils@3.2.2 OK for: css-select@5.1.0 want: ^3.0.1
943 silly placeDep ROOT nth-check@2.1.1 OK for: css-select@5.1.0 want: ^2.0.1
944 silly fetch manifest domelementtype@^2.3.0
945 silly packumentCache full:https://registry.npmjs.org/domelementtype cache-miss
946 silly fetch manifest dom-serializer@^2.0.0
947 silly packumentCache full:https://registry.npmjs.org/dom-serializer cache-miss
948 silly fetch manifest domelementtype@^2.3.0
949 silly packumentCache full:https://registry.npmjs.org/domelementtype cache-miss
950 http fetch GET 200 https://registry.npmjs.org/domelementtype 59ms (cache miss)
951 silly packumentCache full:https://registry.npmjs.org/domelementtype set size:undefined disposed:false
952 http fetch GET 200 https://registry.npmjs.org/domelementtype 65ms (cache miss)
953 silly packumentCache full:https://registry.npmjs.org/domelementtype set size:undefined disposed:false
954 http fetch GET 200 https://registry.npmjs.org/dom-serializer 277ms (cache miss)
955 silly packumentCache full:https://registry.npmjs.org/dom-serializer set size:undefined disposed:false
956 silly placeDep ROOT mdn-data@2.0.30 OK for: css-tree@2.3.1 want: 2.0.30
957 silly placeDep node_modules/csso css-tree@2.2.1 OK for: csso@5.0.5 want: ~2.2.0
958 silly fetch manifest mdn-data@2.0.28
959 silly packumentCache full:https://registry.npmjs.org/mdn-data cache-miss
960 http fetch GET 200 https://registry.npmjs.org/mdn-data 9ms (cache hit)
961 silly packumentCache full:https://registry.npmjs.org/mdn-data set size:147617 disposed:false
962 silly placeDep ROOT domelementtype@2.3.0 OK for: domhandler@5.0.3 want: ^2.3.0
963 silly placeDep ROOT dom-serializer@2.0.0 OK for: domutils@3.2.2 want: ^2.0.0
964 silly placeDep ROOT unicode-canonical-property-names-ecmascript@2.0.1 OK for: unicode-match-property-ecmascript@2.0.0 want: ^2.0.0
965 silly placeDep ROOT unicode-property-aliases-ecmascript@2.1.0 OK for: unicode-match-property-ecmascript@2.0.0 want: ^2.0.0
966 silly placeDep ROOT yallist@3.1.1 OK for: lru-cache@5.1.1 want: ^3.0.2
967 silly placeDep node_modules/csso mdn-data@2.0.28 OK for: css-tree@2.2.1 want: 2.0.28
968 silly reify mark retired [
968 silly reify   'E:\\sultan\\project\\node_modules\\browserslist',
968 silly reify   'E:\\sultan\\project\\node_modules\\.bin\\browserslist',
968 silly reify   'E:\\sultan\\project\\node_modules\\.bin\\browserslist.cmd',
968 silly reify   'E:\\sultan\\project\\node_modules\\.bin\\browserslist.ps1'
968 silly reify ]
969 silly reify mark retired [ 'E:\\sultan\\project\\node_modules\\caniuse-lite' ]
970 silly reify mark retired [ 'E:\\sultan\\project\\node_modules\\electron-to-chromium' ]
971 silly reify mark retired [ 'E:\\sultan\\project\\node_modules\\node-releases' ]
972 silly reify moves {
972 silly reify   'E:\\sultan\\project\\node_modules\\browserslist': 'E:\\sultan\\project\\node_modules\\.browserslist-miI162IR',
972 silly reify   'E:\\sultan\\project\\node_modules\\.bin\\browserslist': 'E:\\sultan\\project\\node_modules\\.bin\\.browserslist-dWp6yLX4',
972 silly reify   'E:\\sultan\\project\\node_modules\\.bin\\browserslist.cmd': 'E:\\sultan\\project\\node_modules\\.bin\\.browserslist.cmd-00KzexkS',
972 silly reify   'E:\\sultan\\project\\node_modules\\.bin\\browserslist.ps1': 'E:\\sultan\\project\\node_modules\\.bin\\.browserslist.ps1-6gahA6jQ',
972 silly reify   'E:\\sultan\\project\\node_modules\\caniuse-lite': 'E:\\sultan\\project\\node_modules\\.caniuse-lite-3QvRNmsn',
972 silly reify   'E:\\sultan\\project\\node_modules\\electron-to-chromium': 'E:\\sultan\\project\\node_modules\\.electron-to-chromium-WBMqWm8S',
972 silly reify   'E:\\sultan\\project\\node_modules\\node-releases': 'E:\\sultan\\project\\node_modules\\.node-releases-baPcPCtE'
972 silly reify }
973 silly audit bulk request {
973 silly audit   '@alloc/quick-lru': [ '5.2.0' ],
973 silly audit   '@babel/runtime': [ '7.25.7' ],
973 silly audit   '@eslint-community/eslint-utils': [ '4.4.0' ],
973 silly audit   '@eslint-community/regexpp': [ '4.11.1' ],
973 silly audit   '@eslint/eslintrc': [ '2.1.4' ],
973 silly audit   '@eslint/js': [ '8.49.0' ],
973 silly audit   '@floating-ui/core': [ '1.6.8' ],
973 silly audit   '@floating-ui/dom': [ '1.6.11' ],
973 silly audit   '@floating-ui/react-dom': [ '2.1.2' ],
973 silly audit   '@floating-ui/utils': [ '0.2.8' ],
973 silly audit   '@hookform/resolvers': [ '3.9.0' ],
973 silly audit   '@humanwhocodes/config-array': [ '0.11.14' ],
973 silly audit   '@humanwhocodes/module-importer': [ '1.0.1' ],
973 silly audit   '@humanwhocodes/object-schema': [ '2.0.3' ],
973 silly audit   '@isaacs/cliui': [ '8.0.2' ],
973 silly audit   'ansi-regex': [ '6.1.0', '5.0.1' ],
973 silly audit   'strip-ansi': [ '7.1.0', '6.0.1' ],
973 silly audit   '@jridgewell/gen-mapping': [ '0.3.5' ],
973 silly audit   '@jridgewell/resolve-uri': [ '3.1.2' ],
973 silly audit   '@jridgewell/set-array': [ '1.2.1' ],
973 silly audit   '@jridgewell/sourcemap-codec': [ '1.5.0' ],
973 silly audit   '@jridgewell/trace-mapping': [ '0.3.25' ],
973 silly audit   '@next/env': [ '13.5.1' ],
973 silly audit   '@next/eslint-plugin-next': [ '13.5.1' ],
973 silly audit   '@next/swc-darwin-arm64': [ '13.5.1' ],
973 silly audit   '@next/swc-darwin-x64': [ '13.5.1' ],
973 silly audit   '@next/swc-linux-arm64-gnu': [ '13.5.1' ],
973 silly audit   '@next/swc-linux-arm64-musl': [ '13.5.1' ],
973 silly audit   '@next/swc-linux-x64-gnu': [ '13.5.1' ],
973 silly audit   '@next/swc-linux-x64-musl': [ '13.5.1' ],
973 silly audit   '@next/swc-wasm-nodejs': [ '13.5.1' ],
973 silly audit   '@next/swc-win32-arm64-msvc': [ '13.5.1' ],
973 silly audit   '@next/swc-win32-ia32-msvc': [ '13.5.1' ],
973 silly audit   '@next/swc-win32-x64-msvc': [ '13.5.1' ],
973 silly audit   '@nodelib/fs.scandir': [ '2.1.5' ],
973 silly audit   '@nodelib/fs.stat': [ '2.0.5' ],
973 silly audit   '@nodelib/fs.walk': [ '1.2.8' ],
973 silly audit   '@nolyfill/is-core-module': [ '1.0.39' ],
973 silly audit   '@pkgjs/parseargs': [ '0.11.0' ],
973 silly audit   '@radix-ui/number': [ '1.1.0' ],
973 silly audit   '@radix-ui/primitive': [ '1.1.0', '1.0.1' ],
973 silly audit   '@radix-ui/react-accordion': [ '1.2.1' ],
973 silly audit   '@radix-ui/react-alert-dialog': [ '1.1.2' ],
973 silly audit   '@radix-ui/react-arrow': [ '1.1.0' ],
973 silly audit   '@radix-ui/react-aspect-ratio': [ '1.1.0' ],
973 silly audit   '@radix-ui/react-avatar': [ '1.1.1' ],
973 silly audit   '@radix-ui/react-checkbox': [ '1.1.2' ],
973 silly audit   '@radix-ui/react-collapsible': [ '1.1.1' ],
973 silly audit   '@radix-ui/react-collection': [ '1.1.0' ],
973 silly audit   '@radix-ui/react-context': [ '1.1.0', '1.1.1', '1.0.1' ],
973 silly audit   '@radix-ui/react-compose-refs': [ '1.1.0', '1.0.1' ],
973 silly audit   '@radix-ui/react-context-menu': [ '2.2.2' ],
973 silly audit   '@radix-ui/react-dialog': [ '1.1.2', '1.0.5' ],
973 silly audit   '@radix-ui/react-direction': [ '1.1.0' ],
973 silly audit   '@radix-ui/react-dismissable-layer': [ '1.1.1', '1.0.5' ],
973 silly audit   '@radix-ui/react-dropdown-menu': [ '2.1.2' ],
973 silly audit   '@radix-ui/react-focus-guards': [ '1.1.1', '1.0.1' ],
973 silly audit   '@radix-ui/react-focus-scope': [ '1.1.0', '1.0.4' ],
973 silly audit   '@radix-ui/react-hover-card': [ '1.1.2' ],
973 silly audit   '@radix-ui/react-id': [ '1.1.0', '1.0.1' ],
973 silly audit   '@radix-ui/react-label': [ '2.1.0' ],
973 silly audit   '@radix-ui/react-menu': [ '2.1.2' ],
973 silly audit   '@radix-ui/react-menubar': [ '1.1.2' ],
973 silly audit   '@radix-ui/react-navigation-menu': [ '1.2.1' ],
973 silly audit   '@radix-ui/react-popover': [ '1.1.2' ],
973 silly audit   '@radix-ui/react-popper': [ '1.2.0' ],
973 silly audit   '@radix-ui/react-portal': [ '1.1.2', '1.0.4' ],
973 silly audit   '@radix-ui/react-presence': [ '1.1.1', '1.0.1' ],
973 silly audit   '@radix-ui/react-primitive': [ '2.0.0', '1.0.3' ],
973 silly audit   '@radix-ui/react-progress': [ '1.1.0' ],
973 silly audit   '@radix-ui/react-radio-group': [ '1.2.1' ],
973 silly audit   '@radix-ui/react-roving-focus': [ '1.1.0' ],
973 silly audit   '@radix-ui/react-scroll-area': [ '1.2.0' ],
973 silly audit   '@radix-ui/react-select': [ '2.1.2' ],
973 silly audit   '@radix-ui/react-separator': [ '1.1.0' ],
973 silly audit   '@radix-ui/react-slider': [ '1.2.1' ],
973 silly audit   '@radix-ui/react-slot': [ '1.1.0', '1.0.2' ],
973 silly audit   '@radix-ui/react-switch': [ '1.1.1' ],
973 silly audit   '@radix-ui/react-tabs': [ '1.1.1' ],
973 silly audit   '@radix-ui/react-toast': [ '1.2.2' ],
973 silly audit   '@radix-ui/react-toggle': [ '1.1.0' ],
973 silly audit   '@radix-ui/react-toggle-group': [ '1.1.0' ],
973 silly audit   '@radix-ui/react-tooltip': [ '1.1.3' ],
973 silly audit   '@radix-ui/react-use-callback-ref': [ '1.1.0', '1.0.1' ],
973 silly audit   '@radix-ui/react-use-controllable-state': [ '1.1.0', '1.0.1' ],
973 silly audit   '@radix-ui/react-use-escape-keydown': [ '1.1.0', '1.0.3' ],
973 silly audit   '@radix-ui/react-use-layout-effect': [ '1.1.0', '1.0.1' ],
973 silly audit   '@radix-ui/react-use-previous': [ '1.1.0' ],
973 silly audit   '@radix-ui/react-use-rect': [ '1.1.0' ],
973 silly audit   '@radix-ui/react-use-size': [ '1.1.0' ],
973 silly audit   '@radix-ui/react-visually-hidden': [ '1.1.0' ],
973 silly audit   '@radix-ui/rect': [ '1.1.0' ],
973 silly audit   '@rtsao/scc': [ '1.1.0' ],
973 silly audit   '@rushstack/eslint-patch': [ '1.10.4' ],
973 silly audit   '@swc/helpers': [ '0.5.2' ],
973 silly audit   '@types/d3-array': [ '3.2.1' ],
973 silly audit   '@types/d3-color': [ '3.1.3' ],
973 silly audit   '@types/d3-ease': [ '3.0.2' ],
973 silly audit   '@types/d3-interpolate': [ '3.0.4' ],
973 silly audit   '@types/d3-path': [ '3.1.0' ],
973 silly audit   '@types/d3-scale': [ '4.0.8' ],
973 silly audit   '@types/d3-shape': [ '3.1.6' ],
973 silly audit   '@types/d3-time': [ '3.0.3' ],
973 silly audit   '@types/d3-timer': [ '3.0.2' ],
973 silly audit   '@types/json5': [ '0.0.29' ],
973 silly audit   '@types/node': [ '20.6.2' ],
973 silly audit   '@types/prop-types': [ '15.7.13' ],
973 silly audit   '@types/react': [ '18.2.22' ],
973 silly audit   '@types/react-dom': [ '18.2.7' ],
973 silly audit   '@types/scheduler': [ '0.23.0' ],
973 silly audit   '@typescript-eslint/parser': [ '6.21.0' ],
973 silly audit   '@typescript-eslint/scope-manager': [ '6.21.0' ],
973 silly audit   '@typescript-eslint/types': [ '6.21.0' ],
973 silly audit   '@typescript-eslint/typescript-estree': [ '6.21.0' ],
973 silly audit   'brace-expansion': [ '2.0.1', '1.1.11' ],
973 silly audit   minimatch: [ '9.0.3', '3.1.2', '9.0.5' ],
973 silly audit   '@typescript-eslint/visitor-keys': [ '6.21.0' ],
973 silly audit   acorn: [ '8.12.1' ],
973 silly audit   'acorn-jsx': [ '5.3.2' ],
973 silly audit   ajv: [ '6.12.6' ],
973 silly audit   'ansi-styles': [ '4.3.0', '6.2.1' ],
973 silly audit   'any-promise': [ '1.3.0' ],
973 silly audit   anymatch: [ '3.1.3' ],
973 silly audit   arg: [ '5.0.2' ],
973 silly audit   argparse: [ '2.0.1' ],
973 silly audit   'aria-hidden': [ '1.2.4' ],
973 silly audit   'aria-query': [ '5.1.3' ],
973 silly audit   'array-buffer-byte-length': [ '1.0.1' ],
973 silly audit   'array-includes': [ '3.1.8' ],
973 silly audit   'array-union': [ '2.1.0' ],
973 silly audit   'array.prototype.findlast': [ '1.2.5' ],
973 silly audit   'array.prototype.findlastindex': [ '1.2.5' ],
973 silly audit   'array.prototype.flat': [ '1.3.2' ],
973 silly audit   'array.prototype.flatmap': [ '1.3.2' ],
973 silly audit   'array.prototype.tosorted': [ '1.1.4' ],
973 silly audit   'arraybuffer.prototype.slice': [ '1.0.3' ],
973 silly audit   'ast-types-flow': [ '0.0.8' ],
973 silly audit   autoprefixer: [ '10.4.15' ],
973 silly audit   'available-typed-arrays': [ '1.0.7' ],
973 silly audit   'axe-core': [ '4.10.0' ],
973 silly audit   'axobject-query': [ '4.1.0' ],
973 silly audit   'balanced-match': [ '1.0.2' ],
973 silly audit   'binary-extensions': [ '2.3.0' ],
973 silly audit   braces: [ '3.0.3' ],
973 silly audit   busboy: [ '1.6.0' ],
973 silly audit   'call-bind': [ '1.0.7' ],
973 silly audit   callsites: [ '3.1.0' ],
973 silly audit   'camelcase-css': [ '2.0.1' ],
973 silly audit   chalk: [ '4.1.2' ],
973 silly audit   chokidar: [ '3.6.0' ],
973 silly audit   'glob-parent': [ '5.1.2', '6.0.2' ],
973 silly audit   'class-variance-authority': [ '0.7.0' ],
973 silly audit   clsx: [ '2.0.0', '2.1.1' ],
973 silly audit   'client-only': [ '0.0.1' ],
973 silly audit   cmdk: [ '1.0.0' ],
973 silly audit   'react-remove-scroll': [ '2.5.5', '2.6.0' ],
973 silly audit   'color-convert': [ '2.0.1' ],
973 silly audit   'color-name': [ '1.1.4' ],
973 silly audit   commander: [ '4.1.1', '7.2.0' ],
973 silly audit   'concat-map': [ '0.0.1' ],
973 silly audit   'cross-spawn': [ '7.0.3' ],
973 silly audit   cssesc: [ '3.0.0' ],
973 silly audit   csstype: [ '3.1.3' ],
973 silly audit   'd3-array': [ '3.2.4' ],
973 silly audit   'd3-color': [ '3.1.0' ],
973 silly audit   'd3-ease': [ '3.0.1' ],
973 silly audit   'd3-format': [ '3.1.0' ],
973 silly audit   'd3-interpolate': [ '3.0.1' ],
973 silly audit   'd3-path': [ '3.1.0' ],
973 silly audit   'd3-scale': [ '4.0.2' ],
973 silly audit   'd3-shape': [ '3.2.0' ],
973 silly audit   'd3-time': [ '3.1.0' ],
973 silly audit   'd3-time-format': [ '4.1.0' ],
973 silly audit   'd3-timer': [ '3.0.1' ],
973 silly audit   'damerau-levenshtein': [ '1.0.8' ],
973 silly audit   'data-view-buffer': [ '1.0.1' ],
973 silly audit   'data-view-byte-length': [ '1.0.1' ],
973 silly audit   'data-view-byte-offset': [ '1.0.0' ],
973 silly audit   'date-fns': [ '3.6.0' ],
973 silly audit   debug: [ '4.3.7', '3.2.7' ],
973 silly audit   'decimal.js-light': [ '2.5.1' ],
973 silly audit   'deep-equal': [ '2.2.3' ],
973 silly audit   'deep-is': [ '0.1.4' ],
973 silly audit   'define-data-property': [ '1.1.4' ],
973 silly audit   'define-properties': [ '1.2.1' ],
973 silly audit   'detect-node-es': [ '1.1.0' ],
973 silly audit   didyoumean: [ '1.2.2' ],
973 silly audit   'dir-glob': [ '3.0.1' ],
973 silly audit   dlv: [ '1.1.3' ],
973 silly audit   doctrine: [ '3.0.0', '2.1.0' ],
973 silly audit   'dom-helpers': [ '5.2.1' ],
973 silly audit   eastasianwidth: [ '0.2.0' ],
973 silly audit   'embla-carousel': [ '8.3.0' ],
973 silly audit   'embla-carousel-react': [ '8.3.0' ],
973 silly audit   'embla-carousel-reactive-utils': [ '8.3.0' ],
973 silly audit   'emoji-regex': [ '9.2.2', '8.0.0' ],
973 silly audit   'enhanced-resolve': [ '5.17.1' ],
973 silly audit   'es-abstract': [ '1.23.3' ],
973 silly audit   'es-define-property': [ '1.0.0' ],
973 silly audit   'es-errors': [ '1.3.0' ],
973 silly audit   'es-get-iterator': [ '1.1.3' ],
973 silly audit   'es-iterator-helpers': [ '1.1.0' ],
973 silly audit   'es-object-atoms': [ '1.0.0' ],
973 silly audit   'es-set-tostringtag': [ '2.0.3' ],
973 silly audit   'es-shim-unscopables': [ '1.0.2' ],
973 silly audit   'es-to-primitive': [ '1.2.1' ],
973 silly audit   escalade: [ '3.2.0' ],
973 silly audit   'escape-string-regexp': [ '4.0.0' ],
973 silly audit   eslint: [ '8.49.0' ],
973 silly audit   'eslint-config-next': [ '13.5.1' ],
973 silly audit   'eslint-import-resolver-typescript': [ '3.6.3' ],
973 silly audit   'eslint-import-resolver-node': [ '0.3.9' ],
973 silly audit   'eslint-module-utils': [ '2.12.0' ],
973 silly audit   'eslint-plugin-import': [ '2.31.0' ],
973 silly audit   semver: [ '6.3.1', '7.6.3' ],
973 silly audit   'eslint-plugin-jsx-a11y': [ '6.10.0' ],
973 silly audit   'eslint-plugin-react': [ '7.37.1' ],
973 silly audit   'eslint-plugin-react-hooks': [ '4.6.2' ],
973 silly audit   resolve: [ '2.0.0-next.5', '1.22.8' ],
973 silly audit   'eslint-scope': [ '7.2.2' ],
973 silly audit   'eslint-visitor-keys': [ '3.4.3' ],
973 silly audit   espree: [ '9.6.1' ],
973 silly audit   esquery: [ '1.6.0' ],
973 silly audit   esrecurse: [ '4.3.0' ],
973 silly audit   estraverse: [ '5.3.0' ],
973 silly audit   esutils: [ '2.0.3' ],
973 silly audit   eventemitter3: [ '4.0.7' ],
973 silly audit   'fast-deep-equal': [ '3.1.3' ],
973 silly audit   'fast-equals': [ '5.0.1' ],
973 silly audit   'fast-glob': [ '3.3.2' ],
973 silly audit   'fast-json-stable-stringify': [ '2.1.0' ],
973 silly audit   'fast-levenshtein': [ '2.0.6' ],
973 silly audit   fastq: [ '1.17.1' ],
973 silly audit   'file-entry-cache': [ '6.0.1' ],
973 silly audit   'fill-range': [ '7.1.1' ],
973 silly audit   'find-up': [ '5.0.0' ],
973 silly audit   'flat-cache': [ '3.2.0' ],
973 silly audit   flatted: [ '3.3.1' ],
973 silly audit   'for-each': [ '0.3.3' ],
973 silly audit   'foreground-child': [ '3.3.0' ],
973 silly audit   'fraction.js': [ '4.3.7' ],
973 silly audit   'fs.realpath': [ '1.0.0' ],
973 silly audit   fsevents: [ '2.3.3' ],
973 silly audit   'function-bind': [ '1.1.2' ],
973 silly audit   'function.prototype.name': [ '1.1.6' ],
973 silly audit   'functions-have-names': [ '1.2.3' ],
973 silly audit   'get-intrinsic': [ '1.2.4' ],
973 silly audit   'get-nonce': [ '1.0.1' ],
973 silly audit   'get-symbol-description': [ '1.0.2' ],
973 silly audit   'get-tsconfig': [ '4.8.1' ],
973 silly audit   glob: [ '7.1.7', '10.4.5' ],
973 silly audit   'glob-to-regexp': [ '0.4.1' ],
973 silly audit   globals: [ '13.24.0', '11.12.0' ],
973 silly audit   globalthis: [ '1.0.4' ],
973 silly audit   globby: [ '11.1.0' ],
973 silly audit   gopd: [ '1.0.1' ],
973 silly audit   'graceful-fs': [ '4.2.11' ],
973 silly audit   graphemer: [ '1.4.0' ],
973 silly audit   'has-bigints': [ '1.0.2' ],
973 silly audit   'has-flag': [ '4.0.0' ],
973 silly audit   'has-property-descriptors': [ '1.0.2' ],
973 silly audit   'has-proto': [ '1.0.3' ],
973 silly audit   'has-symbols': [ '1.0.3' ],
973 silly audit   'has-tostringtag': [ '1.0.2' ],
973 silly audit   hasown: [ '2.0.2' ],
973 silly audit   ignore: [ '5.3.2' ],
973 silly audit   'import-fresh': [ '3.3.0' ],
973 silly audit   imurmurhash: [ '0.1.4' ],
973 silly audit   inflight: [ '1.0.6' ],
973 silly audit   inherits: [ '2.0.4' ],
973 silly audit   'input-otp': [ '1.2.4' ],
973 silly audit   'internal-slot': [ '1.0.7' ],
973 silly audit   internmap: [ '2.0.3' ],
973 silly audit   invariant: [ '2.2.4' ],
973 silly audit   'is-arguments': [ '1.1.1' ],
973 silly audit   'is-array-buffer': [ '3.0.4' ],
973 silly audit   'is-async-function': [ '2.0.0' ],
973 silly audit   'is-bigint': [ '1.0.4' ],
973 silly audit   'is-binary-path': [ '2.1.0' ],
973 silly audit   'is-boolean-object': [ '1.1.2' ],
973 silly audit   'is-bun-module': [ '1.2.1' ],
973 silly audit   'is-callable': [ '1.2.7' ],
973 silly audit   'is-core-module': [ '2.15.1' ],
973 silly audit   'is-data-view': [ '1.0.1' ],
973 silly audit   'is-date-object': [ '1.0.5' ],
973 silly audit   'is-extglob': [ '2.1.1' ],
973 silly audit   'is-finalizationregistry': [ '1.0.2' ],
973 silly audit   'is-fullwidth-code-point': [ '3.0.0' ],
973 silly audit   'is-generator-function': [ '1.0.10' ],
973 silly audit   'is-glob': [ '4.0.3' ],
973 silly audit   'is-map': [ '2.0.3' ],
973 silly audit   'is-negative-zero': [ '2.0.3' ],
973 silly audit   'is-number': [ '7.0.0' ],
973 silly audit   'is-number-object': [ '1.0.7' ],
973 silly audit   'is-path-inside': [ '3.0.3' ],
973 silly audit   'is-regex': [ '1.1.4' ],
973 silly audit   'is-set': [ '2.0.3' ],
973 silly audit   'is-shared-array-buffer': [ '1.0.3' ],
973 silly audit   'is-string': [ '1.0.7' ],
973 silly audit   'is-symbol': [ '1.0.4' ],
973 silly audit   'is-typed-array': [ '1.1.13' ],
973 silly audit   'is-weakmap': [ '2.0.2' ],
973 silly audit   'is-weakref': [ '1.0.2' ],
973 silly audit   'is-weakset': [ '2.0.3' ],
973 silly audit   isarray: [ '2.0.5' ],
973 silly audit   isexe: [ '2.0.0' ],
973 silly audit   'iterator.prototype': [ '1.1.3' ],
973 silly audit   jackspeak: [ '3.4.3' ],
973 silly audit   jiti: [ '1.21.6' ],
973 silly audit   'js-tokens': [ '4.0.0' ],
973 silly audit   'js-yaml': [ '4.1.0' ],
973 silly audit   'json-buffer': [ '3.0.1' ],
973 silly audit   'json-schema-traverse': [ '0.4.1' ],
973 silly audit   'json-stable-stringify-without-jsonify': [ '1.0.1' ],
973 silly audit   json5: [ '1.0.2', '2.2.3' ],
973 silly audit   'jsx-ast-utils': [ '3.3.5' ],
973 silly audit   keyv: [ '4.5.4' ],
973 silly audit   'language-subtag-registry': [ '0.3.23' ],
973 silly audit   'language-tags': [ '1.0.9' ],
973 silly audit   levn: [ '0.4.1' ],
973 silly audit   lilconfig: [ '2.1.0', '3.1.2' ],
973 silly audit   'lines-and-columns': [ '1.2.4' ],
973 silly audit   'locate-path': [ '6.0.0' ],
973 silly audit   lodash: [ '4.17.21' ],
973 silly audit   'lodash.merge': [ '4.6.2' ],
973 silly audit   'loose-envify': [ '1.4.0' ],
973 silly audit   'lru-cache': [ '10.4.3', '5.1.1' ],
973 silly audit   'lucide-react': [ '0.446.0' ],
973 silly audit   merge2: [ '1.4.1' ],
973 silly audit   micromatch: [ '4.0.8' ],
973 silly audit   minimist: [ '1.2.8' ],
973 silly audit   minipass: [ '7.1.2' ],
973 silly audit   ms: [ '2.1.3' ],
973 silly audit   mz: [ '2.7.0' ],
973 silly audit   nanoid: [ '3.3.7' ],
973 silly audit   'natural-compare': [ '1.4.0' ],
973 silly audit   next: [ '13.5.1' ],
973 silly audit   'next-themes': [ '0.3.0' ],
973 silly audit   postcss: [ '8.4.14', '8.4.30' ],
973 silly audit   zod: [ '3.21.4', '3.23.8' ],
973 silly audit   'normalize-path': [ '3.0.0' ],
973 silly audit   'normalize-range': [ '0.1.2' ],
973 silly audit   'object-assign': [ '4.1.1' ],
973 silly audit   'object-hash': [ '3.0.0' ],
973 silly audit   'object-inspect': [ '1.13.2' ],
973 silly audit   'object-is': [ '1.1.6' ],
973 silly audit   'object-keys': [ '1.1.1' ],
973 silly audit   'object.assign': [ '4.1.5' ],
973 silly audit   'object.entries': [ '1.1.8' ],
973 silly audit   'object.fromentries': [ '2.0.8' ],
973 silly audit   'object.groupby': [ '1.0.3' ],
973 silly audit   'object.values': [ '1.2.0' ],
973 silly audit   once: [ '1.4.0' ],
973 silly audit   optionator: [ '0.9.4' ],
973 silly audit   'p-limit': [ '3.1.0' ],
973 silly audit   'p-locate': [ '5.0.0' ],
973 silly audit   'package-json-from-dist': [ '1.0.1' ],
973 silly audit   'parent-module': [ '1.0.1' ],
973 silly audit   'path-exists': [ '4.0.0' ],
973 silly audit   'path-is-absolute': [ '1.0.1' ],
973 silly audit   'path-key': [ '3.1.1' ],
973 silly audit   'path-parse': [ '1.0.7' ],
973 silly audit   'path-scurry': [ '1.11.1' ],
973 silly audit   'path-type': [ '4.0.0' ],
973 silly audit   picocolors: [ '1.1.0' ],
973 silly audit   picomatch: [ '2.3.1' ],
973 silly audit   pify: [ '2.3.0' ],
973 silly audit   pirates: [ '4.0.6' ],
973 silly audit   'possible-typed-array-names': [ '1.0.0' ],
973 silly audit   'postcss-import': [ '15.1.0' ],
973 silly audit   'postcss-js': [ '4.0.1' ],
973 silly audit   'postcss-load-config': [ '4.0.2' ],
973 silly audit   'postcss-nested': [ '6.2.0' ],
973 silly audit   'postcss-selector-parser': [ '6.1.2' ],
973 silly audit   'postcss-value-parser': [ '4.2.0' ],
973 silly audit   'prelude-ls': [ '1.2.1' ],
973 silly audit   'prop-types': [ '15.8.1' ],
973 silly audit   punycode: [ '2.3.1' ],
973 silly audit   'queue-microtask': [ '1.2.3' ],
973 silly audit   react: [ '18.2.0' ],
973 silly audit   'react-day-picker': [ '8.10.1' ],
973 silly audit   'react-dom': [ '18.2.0' ],
973 silly audit   'react-hook-form': [ '7.53.0' ],
973 silly audit   'react-is': [ '16.13.1' ],
973 silly audit   'react-remove-scroll-bar': [ '2.3.6' ],
973 silly audit   'react-resizable-panels': [ '2.1.4' ],
973 silly audit   'react-smooth': [ '4.0.1' ],
973 silly audit   'react-style-singleton': [ '2.2.1' ],
973 silly audit   'react-transition-group': [ '4.4.5' ],
973 silly audit   'read-cache': [ '1.0.0' ],
973 silly audit   readdirp: [ '3.6.0' ],
973 silly audit   recharts: [ '2.12.7' ],
973 silly audit   'recharts-scale': [ '0.4.5' ],
973 silly audit   'reflect.getprototypeof': [ '1.0.6' ],
973 silly audit   'regenerator-runtime': [ '0.14.1' ],
973 silly audit   'regexp.prototype.flags': [ '1.5.3' ],
973 silly audit   'resolve-from': [ '4.0.0' ],
973 silly audit   'resolve-pkg-maps': [ '1.0.0' ],
973 silly audit   reusify: [ '1.0.4' ],
973 silly audit   rimraf: [ '3.0.2' ],
973 silly audit   'run-parallel': [ '1.2.0' ],
973 silly audit   'safe-array-concat': [ '1.1.2' ],
973 silly audit   'safe-regex-test': [ '1.0.3' ],
973 silly audit   scheduler: [ '0.23.2' ],
973 silly audit   'set-function-length': [ '1.2.2' ],
973 silly audit   'set-function-name': [ '2.0.2' ],
973 silly audit   'shebang-command': [ '2.0.0' ],
973 silly audit   'shebang-regex': [ '3.0.0' ],
973 silly audit   'side-channel': [ '1.0.6' ],
973 silly audit   'signal-exit': [ '4.1.0' ],
973 silly audit   slash: [ '3.0.0' ],
973 silly audit   sonner: [ '1.5.0' ],
973 silly audit   'source-map-js': [ '1.2.1' ],
973 silly audit   'stop-iteration-iterator': [ '1.0.0' ],
973 silly audit   streamsearch: [ '1.1.0' ],
973 silly audit   'string-width': [ '5.1.2', '4.2.3' ],
973 silly audit   'string.prototype.includes': [ '2.0.0' ],
973 silly audit   'string.prototype.matchall': [ '4.0.11' ],
973 silly audit   'string.prototype.repeat': [ '1.0.0' ],
973 silly audit   'string.prototype.trim': [ '1.2.9' ],
973 silly audit   'string.prototype.trimend': [ '1.0.8' ],
973 silly audit   'string.prototype.trimstart': [ '1.0.8' ],
973 silly audit   'strip-bom': [ '3.0.0' ],
973 silly audit   'strip-json-comments': [ '3.1.1' ],
973 silly audit   'styled-jsx': [ '5.1.1' ],
973 silly audit   sucrase: [ '3.35.0' ],
973 silly audit   'supports-color': [ '7.2.0' ],
973 silly audit   'supports-preserve-symlinks-flag': [ '1.0.0' ],
973 silly audit   'tailwind-merge': [ '2.5.3' ],
973 silly audit   tailwindcss: [ '3.3.3' ],
973 silly audit   'tailwindcss-animate': [ '1.0.7' ],
973 silly audit   tapable: [ '2.2.1' ],
973 silly audit   'text-table': [ '0.2.0' ],
973 silly audit   thenify: [ '3.3.1' ],
973 silly audit   'thenify-all': [ '1.6.0' ],
973 silly audit   'tiny-invariant': [ '1.3.3' ],
973 silly audit   'to-regex-range': [ '5.0.1' ],
973 silly audit   'ts-api-utils': [ '1.3.0' ],
973 silly audit   'ts-interface-checker': [ '0.1.13' ],
973 silly audit   'tsconfig-paths': [ '3.15.0' ],
973 silly audit   tslib: [ '2.7.0' ],
973 silly audit   'type-check': [ '0.4.0' ],
973 silly audit   'type-fest': [ '0.20.2' ],
973 silly audit   'typed-array-buffer': [ '1.0.2' ],
973 silly audit   'typed-array-byte-length': [ '1.0.1' ],
973 silly audit   'typed-array-byte-offset': [ '1.0.2' ],
973 silly audit   'typed-array-length': [ '1.0.6' ],
973 silly audit   typescript: [ '5.2.2' ],
973 silly audit   'unbox-primitive': [ '1.0.2' ],
973 silly audit   'update-browserslist-db': [ '1.1.1' ],
973 silly audit   'uri-js': [ '4.4.1' ],
973 silly audit   'use-callback-ref': [ '1.3.2' ],
973 silly audit   'use-sidecar': [ '1.1.2' ],
973 silly audit   'util-deprecate': [ '1.0.2' ],
973 silly audit   vaul: [ '0.9.9' ],
973 silly audit   'victory-vendor': [ '36.9.2' ],
973 silly audit   watchpack: [ '2.4.0' ],
973 silly audit   which: [ '2.0.2' ],
973 silly audit   'which-boxed-primitive': [ '1.0.2' ],
973 silly audit   'which-builtin-type': [ '1.1.4' ],
973 silly audit   'which-collection': [ '1.0.2' ],
973 silly audit   'which-typed-array': [ '1.1.15' ],
973 silly audit   'word-wrap': [ '1.2.5' ],
973 silly audit   'wrap-ansi': [ '8.1.0', '7.0.0' ],
973 silly audit   wrappy: [ '1.0.2' ],
973 silly audit   yaml: [ '2.5.1' ],
973 silly audit   'yocto-queue': [ '0.1.0' ],
973 silly audit   '@svgr/webpack': [ '8.1.0' ],
973 silly audit   'cryptocurrency-icons': [ '0.18.1' ],
973 silly audit   '@babel/core': [ '7.26.8' ],
973 silly audit   '@babel/plugin-transform-react-constant-elements': [ '7.25.9' ],
973 silly audit   '@babel/preset-env': [ '7.26.8' ],
973 silly audit   '@babel/preset-react': [ '7.26.3' ],
973 silly audit   '@babel/preset-typescript': [ '7.26.0' ],
973 silly audit   '@svgr/core': [ '8.1.0' ],
973 silly audit   '@svgr/plugin-jsx': [ '8.1.0' ],
973 silly audit   '@svgr/plugin-svgo': [ '8.1.0' ],
973 silly audit   '@ampproject/remapping': [ '2.3.0' ],
973 silly audit   '@babel/code-frame': [ '7.26.2' ],
973 silly audit   '@babel/generator': [ '7.26.8' ],
973 silly audit   '@babel/helper-compilation-targets': [ '7.26.5' ],
973 silly audit   '@babel/helper-module-transforms': [ '7.26.0' ],
973 silly audit   '@babel/helpers': [ '7.26.7' ],
973 silly audit   '@babel/parser': [ '7.26.8' ],
973 silly audit   '@babel/template': [ '7.26.8' ],
973 silly audit   '@babel/traverse': [ '7.26.8' ],
973 silly audit   '@babel/types': [ '7.26.8' ],
973 silly audit   '@types/gensync': [ '1.0.4' ],
973 silly audit   'convert-source-map': [ '2.0.0' ],
973 silly audit   gensync: [ '1.0.0-beta.2' ],
973 silly audit   '@babel/helper-validator-identifier': [ '7.25.9' ],
973 silly audit   jsesc: [ '3.1.0', '3.0.2' ],
973 silly audit   '@babel/compat-data': [ '7.26.8' ],
973 silly audit   '@babel/helper-validator-option': [ '7.25.9' ],
973 silly audit   '@babel/helper-module-imports': [ '7.25.9' ],
973 silly audit   '@babel/helper-plugin-utils': [ '7.26.5' ],
973 silly audit   '@babel/plugin-bugfix-firefox-class-in-computed-class-key': [ '7.25.9' ],
973 silly audit   '@babel/plugin-bugfix-safari-class-field-initializer-scope': [ '7.25.9' ],
973 silly audit   '@babel/plugin-bugfix-safari-id-destructuring-collision-in-function-expression': [ '7.25.9' ],
973 silly audit   '@babel/plugin-bugfix-v8-spread-parameters-in-optional-chaining': [ '7.25.9' ],
973 silly audit   '@babel/plugin-bugfix-v8-static-class-fields-redefine-readonly': [ '7.25.9' ],
973 silly audit   '@babel/plugin-proposal-private-property-in-object': [ '7.21.0-placeholder-for-preset-env.2' ],
973 silly audit   '@babel/plugin-syntax-import-assertions': [ '7.26.0' ],
973 silly audit   '@babel/plugin-syntax-import-attributes': [ '7.26.0' ],
973 silly audit   '@babel/plugin-syntax-unicode-sets-regex': [ '7.18.6' ],
973 silly audit   '@babel/plugin-transform-arrow-functions': [ '7.25.9' ],
973 silly audit   '@babel/plugin-transform-async-generator-functions': [ '7.26.8' ],
973 silly audit   '@babel/plugin-transform-async-to-generator': [ '7.25.9' ],
973 silly audit   '@babel/plugin-transform-block-scoped-functions': [ '7.26.5' ],
973 silly audit   '@babel/plugin-transform-block-scoping': [ '7.25.9' ],
973 silly audit   '@babel/plugin-transform-class-properties': [ '7.25.9' ],
973 silly audit   '@babel/plugin-transform-class-static-block': [ '7.26.0' ],
973 silly audit   '@babel/plugin-transform-classes': [ '7.25.9' ],
973 silly audit   '@babel/plugin-transform-computed-properties': [ '7.25.9' ],
973 silly audit   '@babel/plugin-transform-destructuring': [ '7.25.9' ],
973 silly audit   '@babel/plugin-transform-dotall-regex': [ '7.25.9' ],
973 silly audit   '@babel/plugin-transform-duplicate-keys': [ '7.25.9' ],
973 silly audit   '@babel/plugin-transform-duplicate-named-capturing-groups-regex': [ '7.25.9' ],
973 silly audit   '@babel/plugin-transform-dynamic-import': [ '7.25.9' ],
973 silly audit   '@babel/plugin-transform-exponentiation-operator': [ '7.26.3' ],
973 silly audit   '@babel/plugin-transform-export-namespace-from': [ '7.25.9' ],
973 silly audit   '@babel/plugin-transform-for-of': [ '7.25.9' ],
973 silly audit   '@babel/plugin-transform-function-name': [ '7.25.9' ],
973 silly audit   '@babel/plugin-transform-json-strings': [ '7.25.9' ],
973 silly audit   '@babel/plugin-transform-literals': [ '7.25.9' ],
973 silly audit   '@babel/plugin-transform-logical-assignment-operators': [ '7.25.9' ],
973 silly audit   '@babel/plugin-transform-member-expression-literals': [ '7.25.9' ],
973 silly audit   '@babel/plugin-transform-modules-amd': [ '7.25.9' ],
973 silly audit   '@babel/plugin-transform-modules-commonjs': [ '7.26.3' ],
973 silly audit   '@babel/plugin-transform-modules-systemjs': [ '7.25.9' ],
973 silly audit   '@babel/plugin-transform-modules-umd': [ '7.25.9' ],
973 silly audit   '@babel/plugin-transform-named-capturing-groups-regex': [ '7.25.9' ],
973 silly audit   '@babel/plugin-transform-new-target': [ '7.25.9' ],
973 silly audit   '@babel/plugin-transform-nullish-coalescing-operator': [ '7.26.6' ],
973 silly audit   '@babel/plugin-transform-numeric-separator': [ '7.25.9' ],
973 silly audit   '@babel/plugin-transform-object-rest-spread': [ '7.25.9' ],
973 silly audit   '@babel/plugin-transform-object-super': [ '7.25.9' ],
973 silly audit   '@babel/plugin-transform-optional-catch-binding': [ '7.25.9' ],
973 silly audit   '@babel/plugin-transform-optional-chaining': [ '7.25.9' ],
973 silly audit   '@babel/plugin-transform-parameters': [ '7.25.9' ],
973 silly audit   '@babel/plugin-transform-private-methods': [ '7.25.9' ],
973 silly audit   '@babel/plugin-transform-private-property-in-object': [ '7.25.9' ],
973 silly audit   '@babel/plugin-transform-property-literals': [ '7.25.9' ],
973 silly audit   '@babel/plugin-transform-regenerator': [ '7.25.9' ],
973 silly audit   '@babel/plugin-transform-regexp-modifiers': [ '7.26.0' ],
973 silly audit   '@babel/plugin-transform-reserved-words': [ '7.25.9' ],
973 silly audit   '@babel/plugin-transform-shorthand-properties': [ '7.25.9' ],
973 silly audit   '@babel/plugin-transform-spread': [ '7.25.9' ],
973 silly audit   '@babel/plugin-transform-sticky-regex': [ '7.25.9' ],
973 silly audit   '@babel/plugin-transform-template-literals': [ '7.26.8' ],
973 silly audit   '@babel/plugin-transform-typeof-symbol': [ '7.26.7' ],
973 silly audit   '@babel/plugin-transform-unicode-escapes': [ '7.25.9' ],
973 silly audit   '@babel/plugin-transform-unicode-property-regex': [ '7.25.9' ],
973 silly audit   '@babel/plugin-transform-unicode-regex': [ '7.25.9' ],
973 silly audit   '@babel/plugin-transform-unicode-sets-regex': [ '7.25.9' ],
973 silly audit   '@babel/preset-modules': [ '0.1.6-no-external-plugins' ],
973 silly audit   'babel-plugin-polyfill-corejs2': [ '0.4.12' ],
973 silly audit   'babel-plugin-polyfill-corejs3': [ '0.11.1' ],
973 silly audit   'babel-plugin-polyfill-regenerator': [ '0.6.3' ],
973 silly audit   'core-js-compat': [ '3.40.0' ],
973 silly audit   '@babel/helper-skip-transparent-expression-wrappers': [ '7.25.9' ],
973 silly audit   '@babel/helper-create-regexp-features-plugin': [ '7.26.3' ],
973 silly audit   '@babel/helper-annotate-as-pure': [ '7.25.9' ],
973 silly audit   'regexpu-core': [ '6.2.0' ],
973 silly audit   '@babel/helper-remap-async-to-generator': [ '7.25.9' ],
973 silly audit   '@babel/helper-wrap-function': [ '7.25.9' ],
973 silly audit   '@babel/helper-create-class-features-plugin': [ '7.25.9' ],
973 silly audit   '@babel/helper-member-expression-to-functions': [ '7.25.9' ],
973 silly audit   '@babel/helper-optimise-call-expression': [ '7.25.9' ],
973 silly audit   '@babel/helper-replace-supers': [ '7.26.5' ],
973 silly audit   'regenerator-transform': [ '0.15.2' ],
973 silly audit   '@babel/plugin-transform-react-display-name': [ '7.25.9' ],
973 silly audit   '@babel/plugin-transform-react-jsx': [ '7.25.9' ],
973 silly audit   '@babel/plugin-transform-react-jsx-development': [ '7.25.9' ],
973 silly audit   '@babel/plugin-transform-react-pure-annotations': [ '7.25.9' ],
973 silly audit   '@babel/plugin-syntax-jsx': [ '7.25.9' ],
973 silly audit   '@babel/plugin-transform-typescript': [ '7.26.8' ],
973 silly audit   '@babel/plugin-syntax-typescript': [ '7.25.9' ],
973 silly audit   '@babel/helper-string-parser': [ '7.25.9' ],
973 silly audit   '@svgr/babel-preset': [ '8.1.0' ],
973 silly audit   camelcase: [ '6.3.0' ],
973 silly audit   cosmiconfig: [ '8.3.6' ],
973 silly audit   'snake-case': [ '3.0.4' ],
973 silly audit   '@svgr/babel-plugin-add-jsx-attribute': [ '8.0.0' ],
973 silly audit   '@svgr/babel-plugin-remove-jsx-attribute': [ '8.0.0' ],
973 silly audit   '@svgr/babel-plugin-remove-jsx-empty-expression': [ '8.0.0' ],
973 silly audit   '@svgr/babel-plugin-replace-jsx-attribute-value': [ '8.0.0' ],
973 silly audit   '@svgr/babel-plugin-svg-dynamic-title': [ '8.0.0' ],
973 silly audit   '@svgr/babel-plugin-svg-em-dimensions': [ '8.0.0' ],
973 silly audit   '@svgr/babel-plugin-transform-react-native-svg': [ '8.1.0' ],
973 silly audit   '@svgr/babel-plugin-transform-svg-component': [ '8.0.0' ],
973 silly audit   '@svgr/hast-util-to-babel-ast': [ '8.0.0' ],
973 silly audit   'svg-parser': [ '2.0.4' ],
973 silly audit   entities: [ '4.5.0' ],
973 silly audit   deepmerge: [ '4.3.1' ],
973 silly audit   svgo: [ '3.3.2' ],
973 silly audit   '@babel/helper-define-polyfill-provider': [ '0.6.3' ],
973 silly audit   'lodash.debounce': [ '4.0.8' ],
973 silly audit   browserslist: [ '4.24.4' ],
973 silly audit   'caniuse-lite': [ '1.0.30001699' ],
973 silly audit   'electron-to-chromium': [ '1.5.97' ],
973 silly audit   'node-releases': [ '2.0.19' ],
973 silly audit   'parse-json': [ '5.2.0' ],
973 silly audit   'error-ex': [ '1.3.2' ],
973 silly audit   'json-parse-even-better-errors': [ '2.3.1' ],
973 silly audit   'is-arrayish': [ '0.2.1' ],
973 silly audit   regenerate: [ '1.4.2' ],
973 silly audit   'regenerate-unicode-properties': [ '10.2.0' ],
973 silly audit   regjsgen: [ '0.8.0' ],
973 silly audit   regjsparser: [ '0.12.0' ],
973 silly audit   'unicode-match-property-ecmascript': [ '2.0.0' ],
973 silly audit   'unicode-match-property-value-ecmascript': [ '2.2.0' ],
973 silly audit   'dot-case': [ '3.0.4' ],
973 silly audit   'no-case': [ '3.0.4' ],
973 silly audit   'lower-case': [ '2.0.2' ],
973 silly audit   '@trysound/sax': [ '0.2.0' ],
973 silly audit   'css-select': [ '5.1.0' ],
973 silly audit   'css-tree': [ '2.3.1', '2.2.1' ],
973 silly audit   'css-what': [ '6.1.0' ],
973 silly audit   csso: [ '5.0.5' ],
973 silly audit   boolbase: [ '1.0.0' ],
973 silly audit   domhandler: [ '5.0.3' ],
973 silly audit   domutils: [ '3.2.2' ],
973 silly audit   'nth-check': [ '2.1.1' ],
973 silly audit   'mdn-data': [ '2.0.30', '2.0.28' ],
973 silly audit   domelementtype: [ '2.3.0' ],
973 silly audit   'dom-serializer': [ '2.0.0' ],
973 silly audit   'unicode-canonical-property-names-ecmascript': [ '2.0.1' ],
973 silly audit   'unicode-property-aliases-ecmascript': [ '2.1.0' ],
973 silly audit   yallist: [ '3.1.1' ]
973 silly audit }
974 verbose reify failed optional dependency E:\sultan\project\node_modules\fsevents
975 silly reify mark deleted [ 'E:\\sultan\\project\\node_modules\\fsevents' ]
976 verbose reify failed optional dependency E:\sultan\project\node_modules\@next\swc-win32-ia32-msvc
977 silly reify mark deleted [ 'E:\\sultan\\project\\node_modules\\@next\\swc-win32-ia32-msvc' ]
978 verbose reify failed optional dependency E:\sultan\project\node_modules\@next\swc-win32-arm64-msvc
979 silly reify mark deleted [ 'E:\\sultan\\project\\node_modules\\@next\\swc-win32-arm64-msvc' ]
980 verbose reify failed optional dependency E:\sultan\project\node_modules\@next\swc-linux-x64-musl
981 silly reify mark deleted [ 'E:\\sultan\\project\\node_modules\\@next\\swc-linux-x64-musl' ]
982 verbose reify failed optional dependency E:\sultan\project\node_modules\@next\swc-linux-x64-gnu
983 silly reify mark deleted [ 'E:\\sultan\\project\\node_modules\\@next\\swc-linux-x64-gnu' ]
984 verbose reify failed optional dependency E:\sultan\project\node_modules\@next\swc-linux-arm64-musl
985 silly reify mark deleted [ 'E:\\sultan\\project\\node_modules\\@next\\swc-linux-arm64-musl' ]
986 verbose reify failed optional dependency E:\sultan\project\node_modules\@next\swc-linux-arm64-gnu
987 silly reify mark deleted [ 'E:\\sultan\\project\\node_modules\\@next\\swc-linux-arm64-gnu' ]
988 verbose reify failed optional dependency E:\sultan\project\node_modules\@next\swc-darwin-x64
989 silly reify mark deleted [ 'E:\\sultan\\project\\node_modules\\@next\\swc-darwin-x64' ]
990 verbose reify failed optional dependency E:\sultan\project\node_modules\@next\swc-darwin-arm64
991 silly reify mark deleted [ 'E:\\sultan\\project\\node_modules\\@next\\swc-darwin-arm64' ]
992 silly tarball no local data for unicode-property-aliases-ecmascript@https://registry.npmjs.org/unicode-property-aliases-ecmascript/-/unicode-property-aliases-ecmascript-2.1.0.tgz. Extracting by manifest.
993 silly tarball no local data for yallist@https://registry.npmjs.org/yallist/-/yallist-3.1.1.tgz. Extracting by manifest.
994 silly tarball no local data for unicode-canonical-property-names-ecmascript@https://registry.npmjs.org/unicode-canonical-property-names-ecmascript/-/unicode-canonical-property-names-ecmascript-2.0.1.tgz. Extracting by manifest.
995 silly tarball no local data for dom-serializer@https://registry.npmjs.org/dom-serializer/-/dom-serializer-2.0.0.tgz. Extracting by manifest.
996 silly tarball no local data for mdn-data@https://registry.npmjs.org/mdn-data/-/mdn-data-2.0.30.tgz. Extracting by manifest.
997 silly tarball no local data for domelementtype@https://registry.npmjs.org/domelementtype/-/domelementtype-2.3.0.tgz. Extracting by manifest.
998 silly tarball no local data for nth-check@https://registry.npmjs.org/nth-check/-/nth-check-2.1.1.tgz. Extracting by manifest.
999 silly tarball no local data for domutils@https://registry.npmjs.org/domutils/-/domutils-3.2.2.tgz. Extracting by manifest.
1000 silly tarball no local data for domhandler@https://registry.npmjs.org/domhandler/-/domhandler-5.0.3.tgz. Extracting by manifest.
1001 silly tarball no local data for boolbase@https://registry.npmjs.org/boolbase/-/boolbase-1.0.0.tgz. Extracting by manifest.
1002 silly tarball no local data for csso@https://registry.npmjs.org/csso/-/csso-5.0.5.tgz. Extracting by manifest.
1003 silly tarball no local data for css-tree@https://registry.npmjs.org/css-tree/-/css-tree-2.3.1.tgz. Extracting by manifest.
1004 silly tarball no local data for css-what@https://registry.npmjs.org/css-what/-/css-what-6.1.0.tgz. Extracting by manifest.
1005 silly tarball no local data for css-select@https://registry.npmjs.org/css-select/-/css-select-5.1.0.tgz. Extracting by manifest.
1006 silly tarball no local data for @trysound/sax@https://registry.npmjs.org/@trysound/sax/-/sax-0.2.0.tgz. Extracting by manifest.
1007 silly tarball no local data for lower-case@https://registry.npmjs.org/lower-case/-/lower-case-2.0.2.tgz. Extracting by manifest.
1008 silly tarball no local data for no-case@https://registry.npmjs.org/no-case/-/no-case-3.0.4.tgz. Extracting by manifest.
1009 silly tarball no local data for dot-case@https://registry.npmjs.org/dot-case/-/dot-case-3.0.4.tgz. Extracting by manifest.
1010 silly tarball no local data for unicode-match-property-value-ecmascript@https://registry.npmjs.org/unicode-match-property-value-ecmascript/-/unicode-match-property-value-ecmascript-2.2.0.tgz. Extracting by manifest.
1011 silly tarball no local data for unicode-match-property-ecmascript@https://registry.npmjs.org/unicode-match-property-ecmascript/-/unicode-match-property-ecmascript-2.0.0.tgz. Extracting by manifest.
1012 silly tarball no local data for regjsparser@https://registry.npmjs.org/regjsparser/-/regjsparser-0.12.0.tgz. Extracting by manifest.
1013 silly tarball no local data for regjsgen@https://registry.npmjs.org/regjsgen/-/regjsgen-0.8.0.tgz. Extracting by manifest.
1014 silly tarball no local data for regenerate-unicode-properties@https://registry.npmjs.org/regenerate-unicode-properties/-/regenerate-unicode-properties-10.2.0.tgz. Extracting by manifest.
1015 silly tarball no local data for regenerate@https://registry.npmjs.org/regenerate/-/regenerate-1.4.2.tgz. Extracting by manifest.
1016 silly tarball no local data for is-arrayish@https://registry.npmjs.org/is-arrayish/-/is-arrayish-0.2.1.tgz. Extracting by manifest.
1017 silly tarball no local data for error-ex@https://registry.npmjs.org/error-ex/-/error-ex-1.3.2.tgz. Extracting by manifest.
1018 silly tarball no local data for json-parse-even-better-errors@https://registry.npmjs.org/json-parse-even-better-errors/-/json-parse-even-better-errors-2.3.1.tgz. Extracting by manifest.
1019 silly tarball no local data for parse-json@https://registry.npmjs.org/parse-json/-/parse-json-5.2.0.tgz. Extracting by manifest.
1020 silly tarball no local data for @babel/helper-define-polyfill-provider@https://registry.npmjs.org/@babel/helper-define-polyfill-provider/-/helper-define-polyfill-provider-0.6.3.tgz. Extracting by manifest.
1021 silly tarball no local data for lodash.debounce@https://registry.npmjs.org/lodash.debounce/-/lodash.debounce-4.0.8.tgz. Extracting by manifest.
1022 silly tarball no local data for svgo@https://registry.npmjs.org/svgo/-/svgo-3.3.2.tgz. Extracting by manifest.
1023 silly tarball no local data for deepmerge@https://registry.npmjs.org/deepmerge/-/deepmerge-4.3.1.tgz. Extracting by manifest.
1024 silly tarball no local data for entities@https://registry.npmjs.org/entities/-/entities-4.5.0.tgz. Extracting by manifest.
1025 silly tarball no local data for svg-parser@https://registry.npmjs.org/svg-parser/-/svg-parser-2.0.4.tgz. Extracting by manifest.
1026 silly tarball no local data for @svgr/babel-plugin-transform-svg-component@https://registry.npmjs.org/@svgr/babel-plugin-transform-svg-component/-/babel-plugin-transform-svg-component-8.0.0.tgz. Extracting by manifest.
1027 silly tarball no local data for @svgr/hast-util-to-babel-ast@https://registry.npmjs.org/@svgr/hast-util-to-babel-ast/-/hast-util-to-babel-ast-8.0.0.tgz. Extracting by manifest.
1028 silly tarball no local data for @svgr/babel-plugin-transform-react-native-svg@https://registry.npmjs.org/@svgr/babel-plugin-transform-react-native-svg/-/babel-plugin-transform-react-native-svg-8.1.0.tgz. Extracting by manifest.
1029 silly tarball no local data for @svgr/babel-plugin-svg-em-dimensions@https://registry.npmjs.org/@svgr/babel-plugin-svg-em-dimensions/-/babel-plugin-svg-em-dimensions-8.0.0.tgz. Extracting by manifest.
1030 silly tarball no local data for @svgr/babel-plugin-svg-dynamic-title@https://registry.npmjs.org/@svgr/babel-plugin-svg-dynamic-title/-/babel-plugin-svg-dynamic-title-8.0.0.tgz. Extracting by manifest.
1031 silly tarball no local data for @svgr/babel-plugin-replace-jsx-attribute-value@https://registry.npmjs.org/@svgr/babel-plugin-replace-jsx-attribute-value/-/babel-plugin-replace-jsx-attribute-value-8.0.0.tgz. Extracting by manifest.
1032 silly tarball no local data for @svgr/babel-plugin-remove-jsx-empty-expression@https://registry.npmjs.org/@svgr/babel-plugin-remove-jsx-empty-expression/-/babel-plugin-remove-jsx-empty-expression-8.0.0.tgz. Extracting by manifest.
1033 silly tarball no local data for @svgr/babel-plugin-remove-jsx-attribute@https://registry.npmjs.org/@svgr/babel-plugin-remove-jsx-attribute/-/babel-plugin-remove-jsx-attribute-8.0.0.tgz. Extracting by manifest.
1034 silly tarball no local data for @svgr/babel-plugin-add-jsx-attribute@https://registry.npmjs.org/@svgr/babel-plugin-add-jsx-attribute/-/babel-plugin-add-jsx-attribute-8.0.0.tgz. Extracting by manifest.
1035 silly tarball no local data for snake-case@https://registry.npmjs.org/snake-case/-/snake-case-3.0.4.tgz. Extracting by manifest.
1036 silly tarball no local data for cosmiconfig@https://registry.npmjs.org/cosmiconfig/-/cosmiconfig-8.3.6.tgz. Extracting by manifest.
1037 silly tarball no local data for camelcase@https://registry.npmjs.org/camelcase/-/camelcase-6.3.0.tgz. Extracting by manifest.
1038 silly tarball no local data for @svgr/babel-preset@https://registry.npmjs.org/@svgr/babel-preset/-/babel-preset-8.1.0.tgz. Extracting by manifest.
1039 silly tarball no local data for @babel/helper-string-parser@https://registry.npmjs.org/@babel/helper-string-parser/-/helper-string-parser-7.25.9.tgz. Extracting by manifest.
1040 silly tarball no local data for @babel/plugin-syntax-jsx@https://registry.npmjs.org/@babel/plugin-syntax-jsx/-/plugin-syntax-jsx-7.25.9.tgz. Extracting by manifest.
1041 silly tarball no local data for @babel/plugin-transform-react-pure-annotations@https://registry.npmjs.org/@babel/plugin-transform-react-pure-annotations/-/plugin-transform-react-pure-annotations-7.25.9.tgz. Extracting by manifest.
1042 silly tarball no local data for @babel/plugin-transform-typescript@https://registry.npmjs.org/@babel/plugin-transform-typescript/-/plugin-transform-typescript-7.26.8.tgz. Extracting by manifest.
1043 silly tarball no local data for @babel/plugin-syntax-typescript@https://registry.npmjs.org/@babel/plugin-syntax-typescript/-/plugin-syntax-typescript-7.25.9.tgz. Extracting by manifest.
1044 silly tarball no local data for @babel/plugin-transform-react-jsx-development@https://registry.npmjs.org/@babel/plugin-transform-react-jsx-development/-/plugin-transform-react-jsx-development-7.25.9.tgz. Extracting by manifest.
1045 silly tarball no local data for @babel/plugin-transform-react-jsx@https://registry.npmjs.org/@babel/plugin-transform-react-jsx/-/plugin-transform-react-jsx-7.25.9.tgz. Extracting by manifest.
1046 silly tarball no local data for regenerator-transform@https://registry.npmjs.org/regenerator-transform/-/regenerator-transform-0.15.2.tgz. Extracting by manifest.
1047 silly tarball no local data for @babel/plugin-transform-react-display-name@https://registry.npmjs.org/@babel/plugin-transform-react-display-name/-/plugin-transform-react-display-name-7.25.9.tgz. Extracting by manifest.
1048 silly tarball no local data for @babel/helper-replace-supers@https://registry.npmjs.org/@babel/helper-replace-supers/-/helper-replace-supers-7.26.5.tgz. Extracting by manifest.
1049 silly tarball no local data for @babel/helper-optimise-call-expression@https://registry.npmjs.org/@babel/helper-optimise-call-expression/-/helper-optimise-call-expression-7.25.9.tgz. Extracting by manifest.
1050 silly tarball no local data for @babel/helper-member-expression-to-functions@https://registry.npmjs.org/@babel/helper-member-expression-to-functions/-/helper-member-expression-to-functions-7.25.9.tgz. Extracting by manifest.
1051 silly tarball no local data for @babel/helper-create-class-features-plugin@https://registry.npmjs.org/@babel/helper-create-class-features-plugin/-/helper-create-class-features-plugin-7.25.9.tgz. Extracting by manifest.
1052 silly tarball no local data for @babel/helper-wrap-function@https://registry.npmjs.org/@babel/helper-wrap-function/-/helper-wrap-function-7.25.9.tgz. Extracting by manifest.
1053 silly tarball no local data for @babel/helper-remap-async-to-generator@https://registry.npmjs.org/@babel/helper-remap-async-to-generator/-/helper-remap-async-to-generator-7.25.9.tgz. Extracting by manifest.
1054 silly tarball no local data for @babel/helper-annotate-as-pure@https://registry.npmjs.org/@babel/helper-annotate-as-pure/-/helper-annotate-as-pure-7.25.9.tgz. Extracting by manifest.
1055 silly tarball no local data for regexpu-core@https://registry.npmjs.org/regexpu-core/-/regexpu-core-6.2.0.tgz. Extracting by manifest.
1056 silly tarball no local data for @babel/helper-create-regexp-features-plugin@https://registry.npmjs.org/@babel/helper-create-regexp-features-plugin/-/helper-create-regexp-features-plugin-7.26.3.tgz. Extracting by manifest.
1057 silly tarball no local data for @babel/helper-skip-transparent-expression-wrappers@https://registry.npmjs.org/@babel/helper-skip-transparent-expression-wrappers/-/helper-skip-transparent-expression-wrappers-7.25.9.tgz. Extracting by manifest.
1058 silly tarball no local data for core-js-compat@https://registry.npmjs.org/core-js-compat/-/core-js-compat-3.40.0.tgz. Extracting by manifest.
1059 silly tarball no local data for babel-plugin-polyfill-regenerator@https://registry.npmjs.org/babel-plugin-polyfill-regenerator/-/babel-plugin-polyfill-regenerator-0.6.3.tgz. Extracting by manifest.
1060 silly tarball no local data for babel-plugin-polyfill-corejs3@https://registry.npmjs.org/babel-plugin-polyfill-corejs3/-/babel-plugin-polyfill-corejs3-0.11.1.tgz. Extracting by manifest.
1061 silly tarball no local data for babel-plugin-polyfill-corejs2@https://registry.npmjs.org/babel-plugin-polyfill-corejs2/-/babel-plugin-polyfill-corejs2-0.4.12.tgz. Extracting by manifest.
1062 silly tarball no local data for @babel/plugin-transform-unicode-sets-regex@https://registry.npmjs.org/@babel/plugin-transform-unicode-sets-regex/-/plugin-transform-unicode-sets-regex-7.25.9.tgz. Extracting by manifest.
1063 silly tarball no local data for @babel/preset-modules@https://registry.npmjs.org/@babel/preset-modules/-/preset-modules-0.1.6-no-external-plugins.tgz. Extracting by manifest.
1064 silly tarball no local data for @babel/plugin-transform-unicode-regex@https://registry.npmjs.org/@babel/plugin-transform-unicode-regex/-/plugin-transform-unicode-regex-7.25.9.tgz. Extracting by manifest.
1065 silly tarball no local data for @babel/plugin-transform-unicode-property-regex@https://registry.npmjs.org/@babel/plugin-transform-unicode-property-regex/-/plugin-transform-unicode-property-regex-7.25.9.tgz. Extracting by manifest.
1066 silly tarball no local data for @babel/plugin-transform-typeof-symbol@https://registry.npmjs.org/@babel/plugin-transform-typeof-symbol/-/plugin-transform-typeof-symbol-7.26.7.tgz. Extracting by manifest.
1067 silly tarball no local data for @babel/plugin-transform-unicode-escapes@https://registry.npmjs.org/@babel/plugin-transform-unicode-escapes/-/plugin-transform-unicode-escapes-7.25.9.tgz. Extracting by manifest.
1068 silly tarball no local data for @babel/plugin-transform-template-literals@https://registry.npmjs.org/@babel/plugin-transform-template-literals/-/plugin-transform-template-literals-7.26.8.tgz. Extracting by manifest.
1069 silly tarball no local data for @babel/plugin-transform-sticky-regex@https://registry.npmjs.org/@babel/plugin-transform-sticky-regex/-/plugin-transform-sticky-regex-7.25.9.tgz. Extracting by manifest.
1070 silly tarball no local data for @babel/plugin-transform-shorthand-properties@https://registry.npmjs.org/@babel/plugin-transform-shorthand-properties/-/plugin-transform-shorthand-properties-7.25.9.tgz. Extracting by manifest.
1071 silly tarball no local data for @babel/plugin-transform-spread@https://registry.npmjs.org/@babel/plugin-transform-spread/-/plugin-transform-spread-7.25.9.tgz. Extracting by manifest.
1072 silly tarball no local data for @babel/plugin-transform-reserved-words@https://registry.npmjs.org/@babel/plugin-transform-reserved-words/-/plugin-transform-reserved-words-7.25.9.tgz. Extracting by manifest.
1073 silly tarball no local data for @babel/plugin-transform-regexp-modifiers@https://registry.npmjs.org/@babel/plugin-transform-regexp-modifiers/-/plugin-transform-regexp-modifiers-7.26.0.tgz. Extracting by manifest.
1074 silly tarball no local data for @babel/plugin-transform-regenerator@https://registry.npmjs.org/@babel/plugin-transform-regenerator/-/plugin-transform-regenerator-7.25.9.tgz. Extracting by manifest.
1075 silly tarball no local data for @babel/plugin-transform-property-literals@https://registry.npmjs.org/@babel/plugin-transform-property-literals/-/plugin-transform-property-literals-7.25.9.tgz. Extracting by manifest.
1076 silly tarball no local data for @babel/plugin-transform-private-property-in-object@https://registry.npmjs.org/@babel/plugin-transform-private-property-in-object/-/plugin-transform-private-property-in-object-7.25.9.tgz. Extracting by manifest.
1077 silly tarball no local data for @babel/plugin-transform-private-methods@https://registry.npmjs.org/@babel/plugin-transform-private-methods/-/plugin-transform-private-methods-7.25.9.tgz. Extracting by manifest.
1078 silly tarball no local data for @babel/plugin-transform-optional-chaining@https://registry.npmjs.org/@babel/plugin-transform-optional-chaining/-/plugin-transform-optional-chaining-7.25.9.tgz. Extracting by manifest.
1079 silly tarball no local data for @babel/plugin-transform-parameters@https://registry.npmjs.org/@babel/plugin-transform-parameters/-/plugin-transform-parameters-7.25.9.tgz. Extracting by manifest.
1080 silly tarball no local data for @babel/plugin-transform-optional-catch-binding@https://registry.npmjs.org/@babel/plugin-transform-optional-catch-binding/-/plugin-transform-optional-catch-binding-7.25.9.tgz. Extracting by manifest.
1081 silly tarball no local data for @babel/plugin-transform-object-super@https://registry.npmjs.org/@babel/plugin-transform-object-super/-/plugin-transform-object-super-7.25.9.tgz. Extracting by manifest.
1082 silly tarball no local data for @babel/plugin-transform-object-rest-spread@https://registry.npmjs.org/@babel/plugin-transform-object-rest-spread/-/plugin-transform-object-rest-spread-7.25.9.tgz. Extracting by manifest.
1083 silly tarball no local data for @babel/plugin-transform-numeric-separator@https://registry.npmjs.org/@babel/plugin-transform-numeric-separator/-/plugin-transform-numeric-separator-7.25.9.tgz. Extracting by manifest.
1084 silly tarball no local data for @babel/plugin-transform-nullish-coalescing-operator@https://registry.npmjs.org/@babel/plugin-transform-nullish-coalescing-operator/-/plugin-transform-nullish-coalescing-operator-7.26.6.tgz. Extracting by manifest.
1085 silly tarball no local data for @babel/plugin-transform-new-target@https://registry.npmjs.org/@babel/plugin-transform-new-target/-/plugin-transform-new-target-7.25.9.tgz. Extracting by manifest.
1086 silly tarball no local data for @babel/plugin-transform-modules-umd@https://registry.npmjs.org/@babel/plugin-transform-modules-umd/-/plugin-transform-modules-umd-7.25.9.tgz. Extracting by manifest.
1087 silly tarball no local data for @babel/plugin-transform-named-capturing-groups-regex@https://registry.npmjs.org/@babel/plugin-transform-named-capturing-groups-regex/-/plugin-transform-named-capturing-groups-regex-7.25.9.tgz. Extracting by manifest.
1088 silly tarball no local data for @babel/plugin-transform-modules-systemjs@https://registry.npmjs.org/@babel/plugin-transform-modules-systemjs/-/plugin-transform-modules-systemjs-7.25.9.tgz. Extracting by manifest.
1089 silly tarball no local data for @babel/plugin-transform-modules-commonjs@https://registry.npmjs.org/@babel/plugin-transform-modules-commonjs/-/plugin-transform-modules-commonjs-7.26.3.tgz. Extracting by manifest.
1090 silly tarball no local data for @babel/plugin-transform-modules-amd@https://registry.npmjs.org/@babel/plugin-transform-modules-amd/-/plugin-transform-modules-amd-7.25.9.tgz. Extracting by manifest.
1091 silly tarball no local data for @babel/plugin-transform-logical-assignment-operators@https://registry.npmjs.org/@babel/plugin-transform-logical-assignment-operators/-/plugin-transform-logical-assignment-operators-7.25.9.tgz. Extracting by manifest.
1092 silly tarball no local data for @babel/plugin-transform-member-expression-literals@https://registry.npmjs.org/@babel/plugin-transform-member-expression-literals/-/plugin-transform-member-expression-literals-7.25.9.tgz. Extracting by manifest.
1093 silly tarball no local data for @babel/plugin-transform-literals@https://registry.npmjs.org/@babel/plugin-transform-literals/-/plugin-transform-literals-7.25.9.tgz. Extracting by manifest.
1094 silly tarball no local data for @babel/plugin-transform-json-strings@https://registry.npmjs.org/@babel/plugin-transform-json-strings/-/plugin-transform-json-strings-7.25.9.tgz. Extracting by manifest.
1095 silly tarball no local data for @babel/plugin-transform-function-name@https://registry.npmjs.org/@babel/plugin-transform-function-name/-/plugin-transform-function-name-7.25.9.tgz. Extracting by manifest.
1096 silly tarball no local data for @babel/plugin-transform-for-of@https://registry.npmjs.org/@babel/plugin-transform-for-of/-/plugin-transform-for-of-7.25.9.tgz. Extracting by manifest.
1097 silly tarball no local data for @babel/plugin-transform-export-namespace-from@https://registry.npmjs.org/@babel/plugin-transform-export-namespace-from/-/plugin-transform-export-namespace-from-7.25.9.tgz. Extracting by manifest.
1098 silly tarball no local data for @babel/plugin-transform-dynamic-import@https://registry.npmjs.org/@babel/plugin-transform-dynamic-import/-/plugin-transform-dynamic-import-7.25.9.tgz. Extracting by manifest.
1099 silly tarball no local data for @babel/plugin-transform-exponentiation-operator@https://registry.npmjs.org/@babel/plugin-transform-exponentiation-operator/-/plugin-transform-exponentiation-operator-7.26.3.tgz. Extracting by manifest.
1100 silly tarball no local data for @babel/plugin-transform-duplicate-named-capturing-groups-regex@https://registry.npmjs.org/@babel/plugin-transform-duplicate-named-capturing-groups-regex/-/plugin-transform-duplicate-named-capturing-groups-regex-7.25.9.tgz. Extracting by manifest.
1101 silly tarball no local data for @babel/plugin-transform-duplicate-keys@https://registry.npmjs.org/@babel/plugin-transform-duplicate-keys/-/plugin-transform-duplicate-keys-7.25.9.tgz. Extracting by manifest.
1102 silly tarball no local data for @babel/plugin-transform-dotall-regex@https://registry.npmjs.org/@babel/plugin-transform-dotall-regex/-/plugin-transform-dotall-regex-7.25.9.tgz. Extracting by manifest.
1103 silly tarball no local data for @babel/plugin-transform-computed-properties@https://registry.npmjs.org/@babel/plugin-transform-computed-properties/-/plugin-transform-computed-properties-7.25.9.tgz. Extracting by manifest.
1104 silly tarball no local data for @babel/plugin-transform-destructuring@https://registry.npmjs.org/@babel/plugin-transform-destructuring/-/plugin-transform-destructuring-7.25.9.tgz. Extracting by manifest.
1105 silly tarball no local data for @babel/plugin-transform-classes@https://registry.npmjs.org/@babel/plugin-transform-classes/-/plugin-transform-classes-7.25.9.tgz. Extracting by manifest.
1106 silly tarball no local data for @babel/plugin-transform-class-properties@https://registry.npmjs.org/@babel/plugin-transform-class-properties/-/plugin-transform-class-properties-7.25.9.tgz. Extracting by manifest.
1107 silly tarball no local data for @babel/plugin-transform-block-scoping@https://registry.npmjs.org/@babel/plugin-transform-block-scoping/-/plugin-transform-block-scoping-7.25.9.tgz. Extracting by manifest.
1108 silly tarball no local data for @babel/plugin-transform-class-static-block@https://registry.npmjs.org/@babel/plugin-transform-class-static-block/-/plugin-transform-class-static-block-7.26.0.tgz. Extracting by manifest.
1109 silly tarball no local data for @babel/plugin-transform-block-scoped-functions@https://registry.npmjs.org/@babel/plugin-transform-block-scoped-functions/-/plugin-transform-block-scoped-functions-7.26.5.tgz. Extracting by manifest.
1110 silly tarball no local data for @babel/plugin-transform-async-to-generator@https://registry.npmjs.org/@babel/plugin-transform-async-to-generator/-/plugin-transform-async-to-generator-7.25.9.tgz. Extracting by manifest.
1111 silly tarball no local data for @babel/plugin-transform-arrow-functions@https://registry.npmjs.org/@babel/plugin-transform-arrow-functions/-/plugin-transform-arrow-functions-7.25.9.tgz. Extracting by manifest.
1112 silly tarball no local data for @babel/plugin-transform-async-generator-functions@https://registry.npmjs.org/@babel/plugin-transform-async-generator-functions/-/plugin-transform-async-generator-functions-7.26.8.tgz. Extracting by manifest.
1113 silly tarball no local data for @babel/plugin-syntax-import-attributes@https://registry.npmjs.org/@babel/plugin-syntax-import-attributes/-/plugin-syntax-import-attributes-7.26.0.tgz. Extracting by manifest.
1114 silly tarball no local data for @babel/plugin-syntax-unicode-sets-regex@https://registry.npmjs.org/@babel/plugin-syntax-unicode-sets-regex/-/plugin-syntax-unicode-sets-regex-7.18.6.tgz. Extracting by manifest.
1115 silly tarball no local data for @babel/plugin-proposal-private-property-in-object@https://registry.npmjs.org/@babel/plugin-proposal-private-property-in-object/-/plugin-proposal-private-property-in-object-7.21.0-placeholder-for-preset-env.2.tgz. Extracting by manifest.
1116 silly tarball no local data for @babel/plugin-syntax-import-assertions@https://registry.npmjs.org/@babel/plugin-syntax-import-assertions/-/plugin-syntax-import-assertions-7.26.0.tgz. Extracting by manifest.
1117 silly tarball no local data for @babel/plugin-bugfix-v8-static-class-fields-redefine-readonly@https://registry.npmjs.org/@babel/plugin-bugfix-v8-static-class-fields-redefine-readonly/-/plugin-bugfix-v8-static-class-fields-redefine-readonly-7.25.9.tgz. Extracting by manifest.
1118 silly tarball no local data for @babel/plugin-bugfix-v8-spread-parameters-in-optional-chaining@https://registry.npmjs.org/@babel/plugin-bugfix-v8-spread-parameters-in-optional-chaining/-/plugin-bugfix-v8-spread-parameters-in-optional-chaining-7.25.9.tgz. Extracting by manifest.
1119 silly tarball no local data for @babel/plugin-bugfix-safari-id-destructuring-collision-in-function-expression@https://registry.npmjs.org/@babel/plugin-bugfix-safari-id-destructuring-collision-in-function-expression/-/plugin-bugfix-safari-id-destructuring-collision-in-function-expression-7.25.9.tgz. Extracting by manifest.
1120 silly tarball no local data for @babel/plugin-bugfix-safari-class-field-initializer-scope@https://registry.npmjs.org/@babel/plugin-bugfix-safari-class-field-initializer-scope/-/plugin-bugfix-safari-class-field-initializer-scope-7.25.9.tgz. Extracting by manifest.
1121 silly tarball no local data for @babel/plugin-bugfix-firefox-class-in-computed-class-key@https://registry.npmjs.org/@babel/plugin-bugfix-firefox-class-in-computed-class-key/-/plugin-bugfix-firefox-class-in-computed-class-key-7.25.9.tgz. Extracting by manifest.
1122 silly tarball no local data for @babel/helper-plugin-utils@https://registry.npmjs.org/@babel/helper-plugin-utils/-/helper-plugin-utils-7.26.5.tgz. Extracting by manifest.
1123 silly tarball no local data for @babel/helper-validator-option@https://registry.npmjs.org/@babel/helper-validator-option/-/helper-validator-option-7.25.9.tgz. Extracting by manifest.
1124 silly tarball no local data for @babel/helper-module-imports@https://registry.npmjs.org/@babel/helper-module-imports/-/helper-module-imports-7.25.9.tgz. Extracting by manifest.
1125 silly tarball no local data for @babel/compat-data@https://registry.npmjs.org/@babel/compat-data/-/compat-data-7.26.8.tgz. Extracting by manifest.
1126 silly tarball no local data for jsesc@https://registry.npmjs.org/jsesc/-/jsesc-3.1.0.tgz. Extracting by manifest.
1127 silly tarball no local data for @babel/helper-validator-identifier@https://registry.npmjs.org/@babel/helper-validator-identifier/-/helper-validator-identifier-7.25.9.tgz. Extracting by manifest.
1128 silly tarball no local data for gensync@https://registry.npmjs.org/gensync/-/gensync-1.0.0-beta.2.tgz. Extracting by manifest.
1129 silly tarball no local data for convert-source-map@https://registry.npmjs.org/convert-source-map/-/convert-source-map-2.0.0.tgz. Extracting by manifest.
1130 silly tarball no local data for @types/gensync@https://registry.npmjs.org/@types/gensync/-/gensync-1.0.4.tgz. Extracting by manifest.
1131 silly tarball no local data for @babel/traverse@https://registry.npmjs.org/@babel/traverse/-/traverse-7.26.8.tgz. Extracting by manifest.
1132 silly tarball no local data for @babel/template@https://registry.npmjs.org/@babel/template/-/template-7.26.8.tgz. Extracting by manifest.
1133 silly tarball no local data for @babel/types@https://registry.npmjs.org/@babel/types/-/types-7.26.8.tgz. Extracting by manifest.
1134 silly tarball no local data for @babel/parser@https://registry.npmjs.org/@babel/parser/-/parser-7.26.8.tgz. Extracting by manifest.
1135 silly tarball no local data for @babel/helper-module-transforms@https://registry.npmjs.org/@babel/helper-module-transforms/-/helper-module-transforms-7.26.0.tgz. Extracting by manifest.
1136 silly tarball no local data for @babel/helpers@https://registry.npmjs.org/@babel/helpers/-/helpers-7.26.7.tgz. Extracting by manifest.
1137 silly tarball no local data for @babel/helper-compilation-targets@https://registry.npmjs.org/@babel/helper-compilation-targets/-/helper-compilation-targets-7.26.5.tgz. Extracting by manifest.
1138 silly tarball no local data for @babel/generator@https://registry.npmjs.org/@babel/generator/-/generator-7.26.8.tgz. Extracting by manifest.
1139 silly tarball no local data for @babel/code-frame@https://registry.npmjs.org/@babel/code-frame/-/code-frame-7.26.2.tgz. Extracting by manifest.
1140 silly tarball no local data for @ampproject/remapping@https://registry.npmjs.org/@ampproject/remapping/-/remapping-2.3.0.tgz. Extracting by manifest.
1141 silly tarball no local data for @svgr/plugin-svgo@https://registry.npmjs.org/@svgr/plugin-svgo/-/plugin-svgo-8.1.0.tgz. Extracting by manifest.
1142 silly tarball no local data for @svgr/plugin-jsx@https://registry.npmjs.org/@svgr/plugin-jsx/-/plugin-jsx-8.1.0.tgz. Extracting by manifest.
1143 silly tarball no local data for @svgr/core@https://registry.npmjs.org/@svgr/core/-/core-8.1.0.tgz. Extracting by manifest.
1144 silly tarball no local data for @babel/preset-react@https://registry.npmjs.org/@babel/preset-react/-/preset-react-7.26.3.tgz. Extracting by manifest.
1145 silly tarball no local data for @babel/preset-typescript@https://registry.npmjs.org/@babel/preset-typescript/-/preset-typescript-7.26.0.tgz. Extracting by manifest.
1146 silly tarball no local data for @babel/preset-env@https://registry.npmjs.org/@babel/preset-env/-/preset-env-7.26.8.tgz. Extracting by manifest.
1147 silly tarball no local data for @babel/plugin-transform-react-constant-elements@https://registry.npmjs.org/@babel/plugin-transform-react-constant-elements/-/plugin-transform-react-constant-elements-7.25.9.tgz. Extracting by manifest.
1148 silly tarball no local data for @babel/core@https://registry.npmjs.org/@babel/core/-/core-7.26.8.tgz. Extracting by manifest.
1149 silly tarball no local data for @svgr/webpack@https://registry.npmjs.org/@svgr/webpack/-/webpack-8.1.0.tgz. Extracting by manifest.
1150 silly tarball no local data for node-releases@https://registry.npmjs.org/node-releases/-/node-releases-2.0.19.tgz. Extracting by manifest.
1151 silly tarball no local data for electron-to-chromium@https://registry.npmjs.org/electron-to-chromium/-/electron-to-chromium-1.5.97.tgz. Extracting by manifest.
1152 silly tarball no local data for browserslist@https://registry.npmjs.org/browserslist/-/browserslist-4.24.4.tgz. Extracting by manifest.
1153 silly tarball no local data for caniuse-lite@https://registry.npmjs.org/caniuse-lite/-/caniuse-lite-1.0.30001699.tgz. Extracting by manifest.
1154 silly tarball no local data for mdn-data@https://registry.npmjs.org/mdn-data/-/mdn-data-2.0.28.tgz. Extracting by manifest.
1155 silly tarball no local data for css-tree@https://registry.npmjs.org/css-tree/-/css-tree-2.2.1.tgz. Extracting by manifest.
1156 silly tarball no local data for jsesc@https://registry.npmjs.org/jsesc/-/jsesc-3.0.2.tgz. Extracting by manifest.
1157 silly tarball no local data for commander@https://registry.npmjs.org/commander/-/commander-7.2.0.tgz. Extracting by manifest.
1158 silly tarball no local data for globals@https://registry.npmjs.org/globals/-/globals-11.12.0.tgz. Extracting by manifest.
1159 silly tarball no local data for globals@https://registry.npmjs.org/globals/-/globals-11.12.0.tgz. Extracting by manifest.
1160 silly tarball no local data for lru-cache@https://registry.npmjs.org/lru-cache/-/lru-cache-5.1.1.tgz. Extracting by manifest.
1161 silly tarball no local data for json5@https://registry.npmjs.org/json5/-/json5-2.2.3.tgz. Extracting by manifest.
1162 http fetch POST 200 https://registry.npmjs.org/-/npm/v1/security/advisories/bulk 632ms
1163 silly audit report {
1163 silly audit report   'cross-spawn': [
1163 silly audit report     {
1163 silly audit report       id: 1100563,
1163 silly audit report       url: 'https://github.com/advisories/GHSA-3xgq-45jj-v275',
1163 silly audit report       title: 'Regular Expression Denial of Service (ReDoS) in cross-spawn',
1163 silly audit report       severity: 'high',
1163 silly audit report       vulnerable_versions: '>=7.0.0 <7.0.5',
1163 silly audit report       cwe: [Array],
1163 silly audit report       cvss: [Object]
1163 silly audit report     }
1163 silly audit report   ],
1163 silly audit report   nanoid: [
1163 silly audit report     {
1163 silly audit report       id: 1101163,
1163 silly audit report       url: 'https://github.com/advisories/GHSA-mwcw-c2x4-8c55',
1163 silly audit report       title: 'Predictable results in nanoid generation when given non-integer values',
1163 silly audit report       severity: 'moderate',
1163 silly audit report       vulnerable_versions: '<3.3.8',
1163 silly audit report       cwe: [Array],
1163 silly audit report       cvss: [Object]
1163 silly audit report     }
1163 silly audit report   ],
1163 silly audit report   next: [
1163 silly audit report     {
1163 silly audit report       id: 1099639,
1163 silly audit report       url: 'https://github.com/advisories/GHSA-gp8f-8m3g-qvj9',
1163 silly audit report       title: 'Next.js Cache Poisoning',
1163 silly audit report       severity: 'high',
1163 silly audit report       vulnerable_versions: '>=13.5.1 <13.5.7',
1163 silly audit report       cwe: [Array],
1163 silly audit report       cvss: [Object]
1163 silly audit report     },
1163 silly audit report     {
1163 silly audit report       id: 1100421,
1163 silly audit report       url: 'https://github.com/advisories/GHSA-g77x-44xx-532m',
1163 silly audit report       title: 'Denial of Service condition in Next.js image optimization',
1163 silly audit report       severity: 'moderate',
1163 silly audit report       vulnerable_versions: '>=10.0.0 <14.2.7',
1163 silly audit report       cwe: [Array],
1163 silly audit report       cvss: [Object]
1163 silly audit report     },
1163 silly audit report     {
1163 silly audit report       id: 1101380,
1163 silly audit report       url: 'https://github.com/advisories/GHSA-7gfc-8cq8-jh5f',
1163 silly audit report       title: 'Next.js authorization bypass vulnerability',
1163 silly audit report       severity: 'high',
1163 silly audit report       vulnerable_versions: '>=9.5.5 <14.2.15',
1163 silly audit report       cwe: [Array],
1163 silly audit report       cvss: [Object]
1163 silly audit report     },
1163 silly audit report     {
1163 silly audit report       id: 1101439,
1163 silly audit report       url: 'https://github.com/advisories/GHSA-7m27-7ghc-44w9',
1163 silly audit report       title: 'Next.js Allows a Denial of Service (DoS) with Server Actions',
1163 silly audit report       severity: 'moderate',
1163 silly audit report       vulnerable_versions: '>=13.0.0 <13.5.8',
1163 silly audit report       cwe: [Array],
1163 silly audit report       cvss: [Object]
1163 silly audit report     },
1163 silly audit report     {
1163 silly audit report       id: 1097295,
1163 silly audit report       url: 'https://github.com/advisories/GHSA-fr5h-rqp8-mj6g',
1163 silly audit report       title: 'Next.js Server-Side Request Forgery in Server Actions',
1163 silly audit report       severity: 'high',
1163 silly audit report       vulnerable_versions: '>=13.4.0 <14.1.1',
1163 silly audit report       cwe: [Array],
1163 silly audit report       cvss: [Object]
1163 silly audit report     }
1163 silly audit report   ],
1163 silly audit report   postcss: [
1163 silly audit report     {
1163 silly audit report       id: 1094544,
1163 silly audit report       url: 'https://github.com/advisories/GHSA-7fh5-64p2-3v2j',
1163 silly audit report       title: 'PostCSS line return parsing error',
1163 silly audit report       severity: 'moderate',
1163 silly audit report       vulnerable_versions: '<8.4.31',
1163 silly audit report       cwe: [Array],
1163 silly audit report       cvss: [Object]
1163 silly audit report     }
1163 silly audit report   ],
1163 silly audit report   zod: [
1163 silly audit report     {
1163 silly audit report       id: 1099462,
1163 silly audit report       url: 'https://github.com/advisories/GHSA-m95q-7qp3-xv42',
1163 silly audit report       title: 'Zod denial of service vulnerability',
1163 silly audit report       severity: 'moderate',
1163 silly audit report       vulnerable_versions: '<=3.22.2',
1163 silly audit report       cwe: [Array],
1163 silly audit report       cvss: [Object]
1163 silly audit report     }
1163 silly audit report   ]
1163 silly audit report }
1164 silly packumentCache corgi:https://registry.npmjs.org/cross-spawn cache-miss
1165 silly packumentCache corgi:https://registry.npmjs.org/nanoid cache-miss
1166 silly packumentCache corgi:https://registry.npmjs.org/next cache-miss
1167 silly packumentCache corgi:https://registry.npmjs.org/postcss cache-miss
1168 silly packumentCache corgi:https://registry.npmjs.org/zod cache-miss
1169 http fetch GET 200 https://registry.npmjs.org/unicode-canonical-property-names-ecmascript/-/unicode-canonical-property-names-ecmascript-2.0.1.tgz 792ms (cache miss)
1170 http fetch GET 200 https://registry.npmjs.org/domelementtype/-/domelementtype-2.3.0.tgz 790ms (cache miss)
1171 http fetch GET 200 https://registry.npmjs.org/dom-serializer/-/dom-serializer-2.0.0.tgz 793ms (cache miss)
1172 http fetch GET 200 https://registry.npmjs.org/unicode-property-aliases-ecmascript/-/unicode-property-aliases-ecmascript-2.1.0.tgz 798ms (cache miss)
1173 http fetch GET 200 https://registry.npmjs.org/yallist/-/yallist-3.1.1.tgz 827ms (cache miss)
1174 http fetch GET 200 https://registry.npmjs.org/dot-case/-/dot-case-3.0.4.tgz 814ms (cache miss)
1175 http fetch GET 200 https://registry.npmjs.org/lower-case/-/lower-case-2.0.2.tgz 816ms (cache miss)
1176 http fetch GET 200 https://registry.npmjs.org/unicode-match-property-ecmascript/-/unicode-match-property-ecmascript-2.0.0.tgz 812ms (cache miss)
1177 http fetch GET 200 https://registry.npmjs.org/no-case/-/no-case-3.0.4.tgz 816ms (cache miss)
1178 http fetch GET 200 https://registry.npmjs.org/unicode-match-property-value-ecmascript/-/unicode-match-property-value-ecmascript-2.2.0.tgz 819ms (cache miss)
1179 http fetch GET 200 https://registry.npmjs.org/regjsgen/-/regjsgen-0.8.0.tgz 855ms (cache miss)
1180 http fetch GET 200 https://registry.npmjs.org/regenerate/-/regenerate-1.4.2.tgz 855ms (cache miss)
1181 http fetch GET 200 https://registry.npmjs.org/is-arrayish/-/is-arrayish-0.2.1.tgz 866ms (cache miss)
1182 http fetch GET 200 https://registry.npmjs.org/json-parse-even-better-errors/-/json-parse-even-better-errors-2.3.1.tgz 867ms (cache miss)
1183 http fetch GET 200 https://registry.npmjs.org/cross-spawn 402ms (cache hit)
1184 silly packumentCache corgi:https://registry.npmjs.org/cross-spawn set size:44626 disposed:false
1185 http fetch GET 200 https://registry.npmjs.org/nanoid 405ms (cache hit)
1186 silly packumentCache corgi:https://registry.npmjs.org/nanoid set size:138004 disposed:false
1187 http fetch GET 200 https://registry.npmjs.org/postcss 408ms (cache hit)
1188 silly packumentCache corgi:https://registry.npmjs.org/postcss set size:333766 disposed:false
1189 http fetch GET 200 https://registry.npmjs.org/zod 417ms (cache hit)
1190 silly packumentCache corgi:https://registry.npmjs.org/zod set size:661648 disposed:false
1191 http fetch GET 200 https://registry.npmjs.org/parse-json/-/parse-json-5.2.0.tgz 917ms (cache miss)
1192 http fetch GET 200 https://registry.npmjs.org/next 498ms (cache hit)
1193 silly packumentCache corgi:https://registry.npmjs.org/next set size:18757424 disposed:false
1194 silly packumentCache corgi:https://registry.npmjs.org/eslint cache-miss
1195 silly packumentCache corgi:https://registry.npmjs.org/foreground-child cache-miss
1196 http fetch GET 200 https://registry.npmjs.org/error-ex/-/error-ex-1.3.2.tgz 1534ms (cache miss)
1197 http fetch GET 200 https://registry.npmjs.org/boolbase/-/boolbase-1.0.0.tgz 1551ms (cache miss)
1198 http fetch GET 200 https://registry.npmjs.org/lodash.debounce/-/lodash.debounce-4.0.8.tgz 1533ms (cache miss)
1199 http fetch GET 200 https://registry.npmjs.org/@trysound/sax/-/sax-0.2.0.tgz 1547ms (cache miss)
1200 http fetch GET 200 https://registry.npmjs.org/deepmerge/-/deepmerge-4.3.1.tgz 1532ms (cache miss)
1201 http fetch GET 200 https://registry.npmjs.org/svg-parser/-/svg-parser-2.0.4.tgz 1548ms (cache miss)
1202 http fetch GET 200 https://registry.npmjs.org/snake-case/-/snake-case-3.0.4.tgz 1616ms (cache miss)
1203 http fetch GET 200 https://registry.npmjs.org/camelcase/-/camelcase-6.3.0.tgz 1632ms (cache miss)
1204 http fetch GET 200 https://registry.npmjs.org/regjsparser/-/regjsparser-0.12.0.tgz 1695ms (cache miss)
1205 http fetch GET 200 https://registry.npmjs.org/@babel/helper-string-parser/-/helper-string-parser-7.25.9.tgz 1660ms (cache miss)
1206 http fetch GET 200 https://registry.npmjs.org/@babel/plugin-syntax-typescript/-/plugin-syntax-typescript-7.25.9.tgz 1725ms (cache miss)
1207 http fetch GET 200 https://registry.npmjs.org/@svgr/babel-plugin-replace-jsx-attribute-value/-/babel-plugin-replace-jsx-attribute-value-8.0.0.tgz 1771ms (cache miss)
1208 http fetch GET 200 https://registry.npmjs.org/@svgr/babel-plugin-remove-jsx-attribute/-/babel-plugin-remove-jsx-attribute-8.0.0.tgz 1787ms (cache miss)
1209 http fetch GET 200 https://registry.npmjs.org/@svgr/babel-plugin-add-jsx-attribute/-/babel-plugin-add-jsx-attribute-8.0.0.tgz 1787ms (cache miss)
1210 http fetch GET 200 https://registry.npmjs.org/@babel/plugin-transform-react-pure-annotations/-/plugin-transform-react-pure-annotations-7.25.9.tgz 1776ms (cache miss)
1211 http fetch GET 200 https://registry.npmjs.org/@babel/plugin-syntax-jsx/-/plugin-syntax-jsx-7.25.9.tgz 1778ms (cache miss)
1212 http fetch GET 200 https://registry.npmjs.org/@babel/plugin-transform-react-jsx-development/-/plugin-transform-react-jsx-development-7.25.9.tgz 1777ms (cache miss)
1213 http fetch GET 200 https://registry.npmjs.org/foreground-child 312ms (cache hit)
1214 silly packumentCache corgi:https://registry.npmjs.org/foreground-child set size:20383 disposed:false
1215 http fetch GET 200 https://registry.npmjs.org/eslint 322ms (cache hit)
1216 silly packumentCache corgi:https://registry.npmjs.org/eslint set size:1031707 disposed:false
1217 http fetch GET 200 https://registry.npmjs.org/@babel/helper-member-expression-to-functions/-/helper-member-expression-to-functions-7.25.9.tgz 1838ms (cache miss)
1218 http fetch GET 200 https://registry.npmjs.org/babel-plugin-polyfill-regenerator/-/babel-plugin-polyfill-regenerator-0.6.3.tgz 1879ms (cache miss)
1219 http fetch GET 200 https://registry.npmjs.org/@babel/helper-skip-transparent-expression-wrappers/-/helper-skip-transparent-expression-wrappers-7.25.9.tgz 1884ms (cache miss)
1220 http fetch GET 200 https://registry.npmjs.org/@babel/plugin-transform-template-literals/-/plugin-transform-template-literals-7.26.8.tgz 1930ms (cache miss)
1221 http fetch GET 200 https://registry.npmjs.org/@svgr/babel-plugin-remove-jsx-empty-expression/-/babel-plugin-remove-jsx-empty-expression-8.0.0.tgz 1986ms (cache miss)
1222 http fetch GET 200 https://registry.npmjs.org/@svgr/babel-plugin-svg-em-dimensions/-/babel-plugin-svg-em-dimensions-8.0.0.tgz 1995ms (cache miss)
1223 http fetch GET 200 https://registry.npmjs.org/@svgr/babel-plugin-transform-react-native-svg/-/babel-plugin-transform-react-native-svg-8.1.0.tgz 1999ms (cache miss)
1224 http fetch GET 200 https://registry.npmjs.org/@svgr/babel-preset/-/babel-preset-8.1.0.tgz 1998ms (cache miss)
1225 http fetch GET 200 https://registry.npmjs.org/@babel/helper-optimise-call-expression/-/helper-optimise-call-expression-7.25.9.tgz 1985ms (cache miss)
1226 http fetch GET 200 https://registry.npmjs.org/@babel/helper-remap-async-to-generator/-/helper-remap-async-to-generator-7.25.9.tgz 1986ms (cache miss)
1227 http fetch GET 200 https://registry.npmjs.org/@svgr/babel-plugin-svg-dynamic-title/-/babel-plugin-svg-dynamic-title-8.0.0.tgz 2018ms (cache miss)
1228 silly packumentCache corgi:https://registry.npmjs.org/autoprefixer cache-miss
1229 silly packumentCache corgi:https://registry.npmjs.org/postcss-import cache-miss
1230 silly packumentCache corgi:https://registry.npmjs.org/postcss-js cache-miss
1231 silly packumentCache corgi:https://registry.npmjs.org/postcss-load-config cache-miss
1232 silly packumentCache corgi:https://registry.npmjs.org/postcss-nested cache-miss
1233 silly packumentCache corgi:https://registry.npmjs.org/tailwindcss cache-miss
1234 http fetch GET 200 https://registry.npmjs.org/@svgr/babel-plugin-transform-svg-component/-/babel-plugin-transform-svg-component-8.0.0.tgz 2195ms (cache miss)
1235 http fetch GET 200 https://registry.npmjs.org/@babel/helper-wrap-function/-/helper-wrap-function-7.25.9.tgz 2253ms (cache miss)
1236 http fetch GET 200 https://registry.npmjs.org/@babel/helper-create-regexp-features-plugin/-/helper-create-regexp-features-plugin-7.26.3.tgz 2249ms (cache miss)
1237 http fetch GET 200 https://registry.npmjs.org/@babel/preset-modules/-/preset-modules-0.1.6-no-external-plugins.tgz 2249ms (cache miss)
1238 http fetch GET 200 https://registry.npmjs.org/@babel/plugin-transform-unicode-regex/-/plugin-transform-unicode-regex-7.25.9.tgz 2319ms (cache miss)
1239 http fetch GET 200 https://registry.npmjs.org/@babel/plugin-transform-sticky-regex/-/plugin-transform-sticky-regex-7.25.9.tgz 2312ms (cache miss)
1240 http fetch GET 200 https://registry.npmjs.org/@babel/plugin-transform-shorthand-properties/-/plugin-transform-shorthand-properties-7.25.9.tgz 2311ms (cache miss)
1241 http fetch GET 200 https://registry.npmjs.org/@babel/helper-annotate-as-pure/-/helper-annotate-as-pure-7.25.9.tgz 2351ms (cache miss)
1242 http fetch GET 200 https://registry.npmjs.org/@babel/plugin-transform-typeof-symbol/-/plugin-transform-typeof-symbol-7.26.7.tgz 2336ms (cache miss)
1243 http fetch GET 200 https://registry.npmjs.org/@babel/plugin-transform-reserved-words/-/plugin-transform-reserved-words-7.25.9.tgz 2328ms (cache miss)
1244 http fetch GET 200 https://registry.npmjs.org/@babel/plugin-transform-react-display-name/-/plugin-transform-react-display-name-7.25.9.tgz 2374ms (cache miss)
1245 http fetch GET 200 https://registry.npmjs.org/@svgr/hast-util-to-babel-ast/-/hast-util-to-babel-ast-8.0.0.tgz 2420ms (cache miss)
1246 http fetch GET 200 https://registry.npmjs.org/@babel/helper-replace-supers/-/helper-replace-supers-7.26.5.tgz 2390ms (cache miss)
1247 http fetch GET 200 https://registry.npmjs.org/@babel/plugin-transform-react-jsx/-/plugin-transform-react-jsx-7.25.9.tgz 2405ms (cache miss)
1248 http fetch GET 200 https://registry.npmjs.org/@babel/plugin-transform-unicode-sets-regex/-/plugin-transform-unicode-sets-regex-7.25.9.tgz 2383ms (cache miss)
1249 http fetch GET 200 https://registry.npmjs.org/@babel/plugin-transform-unicode-property-regex/-/plugin-transform-unicode-property-regex-7.25.9.tgz 2380ms (cache miss)
1250 http fetch GET 200 https://registry.npmjs.org/@babel/plugin-transform-spread/-/plugin-transform-spread-7.25.9.tgz 2384ms (cache miss)
1251 http fetch GET 200 https://registry.npmjs.org/@babel/plugin-transform-regexp-modifiers/-/plugin-transform-regexp-modifiers-7.26.0.tgz 2407ms (cache miss)
1252 http fetch GET 200 https://registry.npmjs.org/@babel/plugin-transform-property-literals/-/plugin-transform-property-literals-7.25.9.tgz 2407ms (cache miss)
1253 http fetch GET 200 https://registry.npmjs.org/@babel/plugin-transform-unicode-escapes/-/plugin-transform-unicode-escapes-7.25.9.tgz 2470ms (cache miss)
1254 http fetch GET 200 https://registry.npmjs.org/postcss-import 448ms (cache hit)
1255 silly packumentCache corgi:https://registry.npmjs.org/postcss-import set size:51326 disposed:false
1256 http fetch GET 200 https://registry.npmjs.org/postcss-js 452ms (cache hit)
1257 silly packumentCache corgi:https://registry.npmjs.org/postcss-js set size:20759 disposed:false
1258 http fetch GET 200 https://registry.npmjs.org/postcss-load-config 453ms (cache hit)
1259 silly packumentCache corgi:https://registry.npmjs.org/postcss-load-config set size:37999 disposed:false
1260 http fetch GET 200 https://registry.npmjs.org/autoprefixer 468ms (cache hit)
1261 silly packumentCache corgi:https://registry.npmjs.org/autoprefixer set size:290367 disposed:false
1262 http fetch GET 200 https://registry.npmjs.org/tailwindcss 559ms (cache hit)
1263 silly packumentCache corgi:https://registry.npmjs.org/tailwindcss set size:4058409 disposed:false
1264 http fetch GET 200 https://registry.npmjs.org/postcss-nested 651ms (cache hit)
1265 silly packumentCache corgi:https://registry.npmjs.org/postcss-nested set size:41645 disposed:false
1266 http fetch GET 200 https://registry.npmjs.org/babel-plugin-polyfill-corejs2/-/babel-plugin-polyfill-corejs2-0.4.12.tgz 2761ms (cache miss)
1267 http fetch GET 200 https://registry.npmjs.org/@babel/plugin-transform-private-methods/-/plugin-transform-private-methods-7.25.9.tgz 2746ms (cache miss)
1268 http fetch GET 200 https://registry.npmjs.org/regexpu-core/-/regexpu-core-6.2.0.tgz 2817ms (cache miss)
1269 http fetch GET 200 https://registry.npmjs.org/@babel/plugin-transform-object-super/-/plugin-transform-object-super-7.25.9.tgz 2787ms (cache miss)
1270 http fetch GET 200 https://registry.npmjs.org/@babel/plugin-transform-nullish-coalescing-operator/-/plugin-transform-nullish-coalescing-operator-7.26.6.tgz 2785ms (cache miss)
1271 http fetch GET 200 https://registry.npmjs.org/@babel/plugin-transform-numeric-separator/-/plugin-transform-numeric-separator-7.25.9.tgz 2787ms (cache miss)
1272 http fetch GET 200 https://registry.npmjs.org/@babel/plugin-transform-regenerator/-/plugin-transform-regenerator-7.25.9.tgz 2805ms (cache miss)
1273 http fetch GET 200 https://registry.npmjs.org/@babel/plugin-transform-named-capturing-groups-regex/-/plugin-transform-named-capturing-groups-regex-7.25.9.tgz 2816ms (cache miss)
1274 http fetch GET 200 https://registry.npmjs.org/@babel/plugin-transform-optional-catch-binding/-/plugin-transform-optional-catch-binding-7.25.9.tgz 2847ms (cache miss)
1275 http fetch GET 200 https://registry.npmjs.org/@babel/plugin-transform-new-target/-/plugin-transform-new-target-7.25.9.tgz 2869ms (cache miss)
1276 http fetch GET 200 https://registry.npmjs.org/@babel/plugin-transform-typescript/-/plugin-transform-typescript-7.26.8.tgz 2994ms (cache miss)
1277 http fetch GET 200 https://registry.npmjs.org/@babel/plugin-transform-modules-systemjs/-/plugin-transform-modules-systemjs-7.25.9.tgz 2938ms (cache miss)
1278 http fetch GET 200 https://registry.npmjs.org/domhandler/-/domhandler-5.0.3.tgz 3088ms (cache miss)
1279 http fetch GET 200 https://registry.npmjs.org/@babel/plugin-transform-object-rest-spread/-/plugin-transform-object-rest-spread-7.25.9.tgz 2984ms (cache miss)
1280 http fetch GET 200 https://registry.npmjs.org/@babel/plugin-transform-literals/-/plugin-transform-literals-7.25.9.tgz 2997ms (cache miss)
1281 http fetch GET 200 https://registry.npmjs.org/@babel/plugin-transform-private-property-in-object/-/plugin-transform-private-property-in-object-7.25.9.tgz 3040ms (cache miss)
1282 http fetch GET 200 https://registry.npmjs.org/@babel/plugin-transform-function-name/-/plugin-transform-function-name-7.25.9.tgz 3020ms (cache miss)
1283 http fetch GET 200 https://registry.npmjs.org/@babel/plugin-transform-export-namespace-from/-/plugin-transform-export-namespace-from-7.25.9.tgz 3020ms (cache miss)
1284 http fetch GET 200 https://registry.npmjs.org/@babel/plugin-transform-dynamic-import/-/plugin-transform-dynamic-import-7.25.9.tgz 3023ms (cache miss)
1285 http fetch GET 200 https://registry.npmjs.org/@babel/plugin-transform-for-of/-/plugin-transform-for-of-7.25.9.tgz 3026ms (cache miss)
1286 http fetch GET 200 https://registry.npmjs.org/@babel/plugin-transform-dotall-regex/-/plugin-transform-dotall-regex-7.25.9.tgz 3063ms (cache miss)
1287 http fetch GET 200 https://registry.npmjs.org/@babel/plugin-transform-duplicate-named-capturing-groups-regex/-/plugin-transform-duplicate-named-capturing-groups-regex-7.25.9.tgz 3089ms (cache miss)
1288 http fetch GET 200 https://registry.npmjs.org/@babel/plugin-transform-computed-properties/-/plugin-transform-computed-properties-7.25.9.tgz 3088ms (cache miss)
1289 http fetch GET 200 https://registry.npmjs.org/@babel/plugin-transform-class-static-block/-/plugin-transform-class-static-block-7.26.0.tgz 3091ms (cache miss)
1290 http fetch GET 200 https://registry.npmjs.org/@babel/plugin-transform-json-strings/-/plugin-transform-json-strings-7.25.9.tgz 3109ms (cache miss)
1291 http fetch GET 200 https://registry.npmjs.org/@babel/plugin-transform-duplicate-keys/-/plugin-transform-duplicate-keys-7.25.9.tgz 3106ms (cache miss)
1292 http fetch GET 200 https://registry.npmjs.org/@babel/plugin-transform-optional-chaining/-/plugin-transform-optional-chaining-7.25.9.tgz 3141ms (cache miss)
1293 http fetch GET 200 https://registry.npmjs.org/@babel/plugin-transform-modules-umd/-/plugin-transform-modules-umd-7.25.9.tgz 3134ms (cache miss)
1294 http fetch GET 200 https://registry.npmjs.org/@babel/plugin-transform-logical-assignment-operators/-/plugin-transform-logical-assignment-operators-7.25.9.tgz 3125ms (cache miss)
1295 http fetch GET 200 https://registry.npmjs.org/@babel/plugin-transform-member-expression-literals/-/plugin-transform-member-expression-literals-7.25.9.tgz 3126ms (cache miss)
1296 http fetch GET 200 https://registry.npmjs.org/@babel/plugin-transform-exponentiation-operator/-/plugin-transform-exponentiation-operator-7.26.3.tgz 3178ms (cache miss)
1297 http fetch GET 200 https://registry.npmjs.org/@babel/plugin-transform-class-properties/-/plugin-transform-class-properties-7.25.9.tgz 3170ms (cache miss)
1298 http fetch GET 200 https://registry.npmjs.org/@babel/compat-data/-/compat-data-7.26.8.tgz 3148ms (cache miss)
1299 http fetch GET 200 https://registry.npmjs.org/@babel/plugin-syntax-import-attributes/-/plugin-syntax-import-attributes-7.26.0.tgz 3175ms (cache miss)
1300 http fetch GET 200 https://registry.npmjs.org/@babel/plugin-transform-async-to-generator/-/plugin-transform-async-to-generator-7.25.9.tgz 3178ms (cache miss)
1301 http fetch GET 200 https://registry.npmjs.org/@babel/plugin-transform-arrow-functions/-/plugin-transform-arrow-functions-7.25.9.tgz 3178ms (cache miss)
1302 http fetch GET 200 https://registry.npmjs.org/@babel/plugin-transform-block-scoped-functions/-/plugin-transform-block-scoped-functions-7.26.5.tgz 3190ms (cache miss)
1303 http fetch GET 200 https://registry.npmjs.org/@babel/plugin-proposal-private-property-in-object/-/plugin-proposal-private-property-in-object-7.21.0-placeholder-for-preset-env.2.tgz 3185ms (cache miss)
1304 http fetch GET 200 https://registry.npmjs.org/jsesc/-/jsesc-3.1.0.tgz 3182ms (cache miss)
1305 http fetch GET 200 https://registry.npmjs.org/@babel/plugin-syntax-unicode-sets-regex/-/plugin-syntax-unicode-sets-regex-7.18.6.tgz 3198ms (cache miss)
1306 http fetch GET 200 https://registry.npmjs.org/gensync/-/gensync-1.0.0-beta.2.tgz 3198ms (cache miss)
1307 http fetch GET 200 https://registry.npmjs.org/@types/gensync/-/gensync-1.0.4.tgz 3197ms (cache miss)
1308 http fetch GET 200 https://registry.npmjs.org/@babel/plugin-transform-modules-amd/-/plugin-transform-modules-amd-7.25.9.tgz 3251ms (cache miss)
1309 http fetch GET 200 https://registry.npmjs.org/convert-source-map/-/convert-source-map-2.0.0.tgz 3209ms (cache miss)
1310 http fetch GET 200 https://registry.npmjs.org/@babel/plugin-syntax-import-assertions/-/plugin-syntax-import-assertions-7.26.0.tgz 3251ms (cache miss)
1311 http fetch GET 200 https://registry.npmjs.org/@babel/plugin-bugfix-safari-id-destructuring-collision-in-function-expression/-/plugin-bugfix-safari-id-destructuring-collision-in-function-expression-7.25.9.tgz 3258ms (cache miss)
1312 http fetch GET 200 https://registry.npmjs.org/@babel/helper-compilation-targets/-/helper-compilation-targets-7.26.5.tgz 3235ms (cache miss)
1313 http fetch GET 200 https://registry.npmjs.org/@babel/plugin-bugfix-safari-class-field-initializer-scope/-/plugin-bugfix-safari-class-field-initializer-scope-7.25.9.tgz 3265ms (cache miss)
1314 http fetch GET 200 https://registry.npmjs.org/@babel/helper-plugin-utils/-/helper-plugin-utils-7.26.5.tgz 3263ms (cache miss)
1315 http fetch GET 200 https://registry.npmjs.org/@babel/plugin-transform-parameters/-/plugin-transform-parameters-7.25.9.tgz 3336ms (cache miss)
1316 http fetch GET 200 https://registry.npmjs.org/@babel/plugin-transform-async-generator-functions/-/plugin-transform-async-generator-functions-7.26.8.tgz 3312ms (cache miss)
1317 http fetch GET 200 https://registry.npmjs.org/@babel/code-frame/-/code-frame-7.26.2.tgz 3278ms (cache miss)
1318 http fetch GET 200 https://registry.npmjs.org/babel-plugin-polyfill-corejs3/-/babel-plugin-polyfill-corejs3-0.11.1.tgz 3383ms (cache miss)
1319 http fetch GET 200 https://registry.npmjs.org/@babel/plugin-transform-destructuring/-/plugin-transform-destructuring-7.25.9.tgz 3333ms (cache miss)
1320 http fetch GET 200 https://registry.npmjs.org/@babel/plugin-bugfix-v8-spread-parameters-in-optional-chaining/-/plugin-bugfix-v8-spread-parameters-in-optional-chaining-7.25.9.tgz 3350ms (cache miss)
1321 http fetch GET 200 https://registry.npmjs.org/@babel/plugin-bugfix-firefox-class-in-computed-class-key/-/plugin-bugfix-firefox-class-in-computed-class-key-7.25.9.tgz 3360ms (cache miss)
1322 http fetch GET 200 https://registry.npmjs.org/regenerator-transform/-/regenerator-transform-0.15.2.tgz 3465ms (cache miss)
1323 http fetch GET 200 https://registry.npmjs.org/jsesc/-/jsesc-3.0.2.tgz 3351ms (cache miss)
1324 http fetch GET 200 https://registry.npmjs.org/globals/-/globals-11.12.0.tgz 3352ms (cache miss)
1325 http fetch GET 200 https://registry.npmjs.org/@babel/plugin-transform-modules-commonjs/-/plugin-transform-modules-commonjs-7.26.3.tgz 3440ms (cache miss)
1326 http fetch GET 200 https://registry.npmjs.org/@babel/plugin-transform-classes/-/plugin-transform-classes-7.25.9.tgz 3426ms (cache miss)
1327 http fetch GET 200 https://registry.npmjs.org/globals/-/globals-11.12.0.tgz 3381ms (cache miss)
1328 http fetch GET 200 https://registry.npmjs.org/node-releases/-/node-releases-2.0.19.tgz 3399ms (cache miss)
1329 http fetch GET 200 https://registry.npmjs.org/@babel/helper-validator-identifier/-/helper-validator-identifier-7.25.9.tgz 3435ms (cache miss)
1330 http fetch GET 200 https://registry.npmjs.org/lru-cache/-/lru-cache-5.1.1.tgz 3392ms (cache miss)
1331 http fetch GET 200 https://registry.npmjs.org/@svgr/plugin-jsx/-/plugin-jsx-8.1.0.tgz 3423ms (cache miss)
1332 http fetch GET 200 https://registry.npmjs.org/@babel/preset-typescript/-/preset-typescript-7.26.0.tgz 3432ms (cache miss)
1333 http fetch GET 200 https://registry.npmjs.org/@svgr/core/-/core-8.1.0.tgz 3434ms (cache miss)
1334 http fetch GET 200 https://registry.npmjs.org/@svgr/plugin-svgo/-/plugin-svgo-8.1.0.tgz 3437ms (cache miss)
1335 http fetch GET 200 https://registry.npmjs.org/@babel/helper-define-polyfill-provider/-/helper-define-polyfill-provider-0.6.3.tgz 3602ms (cache miss)
1336 http fetch GET 200 https://registry.npmjs.org/@ampproject/remapping/-/remapping-2.3.0.tgz 3445ms (cache miss)
1337 http fetch GET 200 https://registry.npmjs.org/@svgr/webpack/-/webpack-8.1.0.tgz 3436ms (cache miss)
1338 http fetch GET 200 https://registry.npmjs.org/@babel/plugin-transform-block-scoping/-/plugin-transform-block-scoping-7.25.9.tgz 3495ms (cache miss)
1339 http fetch GET 200 https://registry.npmjs.org/nth-check/-/nth-check-2.1.1.tgz 3638ms (cache miss)
1340 http fetch GET 200 https://registry.npmjs.org/@babel/helper-module-imports/-/helper-module-imports-7.25.9.tgz 3483ms (cache miss)
1341 http fetch GET 200 https://registry.npmjs.org/@babel/preset-react/-/preset-react-7.26.3.tgz 3461ms (cache miss)
1342 http fetch GET 200 https://registry.npmjs.org/css-what/-/css-what-6.1.0.tgz 3643ms (cache miss)
1343 http fetch GET 200 https://registry.npmjs.org/@babel/helper-validator-option/-/helper-validator-option-7.25.9.tgz 3515ms (cache miss)
1344 http fetch GET 200 https://registry.npmjs.org/@babel/plugin-bugfix-v8-static-class-fields-redefine-readonly/-/plugin-bugfix-v8-static-class-fields-redefine-readonly-7.25.9.tgz 3533ms (cache miss)
1345 http fetch GET 200 https://registry.npmjs.org/@babel/helper-create-class-features-plugin/-/helper-create-class-features-plugin-7.25.9.tgz 3626ms (cache miss)
1346 http fetch GET 200 https://registry.npmjs.org/@babel/plugin-transform-react-constant-elements/-/plugin-transform-react-constant-elements-7.25.9.tgz 3504ms (cache miss)
1347 http fetch GET 200 https://registry.npmjs.org/commander/-/commander-7.2.0.tgz 3492ms (cache miss)
1348 http fetch GET 200 https://registry.npmjs.org/browserslist/-/browserslist-4.24.4.tgz 3502ms (cache miss)
1349 http fetch GET 200 https://registry.npmjs.org/core-js-compat/-/core-js-compat-3.40.0.tgz 3625ms (cache miss)
1350 http fetch GET 200 https://registry.npmjs.org/mdn-data/-/mdn-data-2.0.30.tgz 3709ms (cache miss)
1351 http fetch GET 200 https://registry.npmjs.org/cosmiconfig/-/cosmiconfig-8.3.6.tgz 3663ms (cache miss)
1352 http fetch GET 200 https://registry.npmjs.org/electron-to-chromium/-/electron-to-chromium-1.5.97.tgz 3523ms (cache miss)
1353 http fetch GET 200 https://registry.npmjs.org/@babel/template/-/template-7.26.8.tgz 3595ms (cache miss)
1354 http fetch GET 200 https://registry.npmjs.org/@babel/helper-module-transforms/-/helper-module-transforms-7.26.0.tgz 3600ms (cache miss)
1355 http fetch GET 200 https://registry.npmjs.org/json5/-/json5-2.2.3.tgz 3643ms (cache miss)
1356 http fetch GET 200 https://registry.npmjs.org/mdn-data/-/mdn-data-2.0.28.tgz 3762ms (cache miss)
1357 http fetch GET 200 https://registry.npmjs.org/@babel/parser/-/parser-7.26.8.tgz 3872ms (cache miss)
1358 http fetch GET 200 https://registry.npmjs.org/@babel/preset-env/-/preset-env-7.26.8.tgz 3936ms (cache miss)
1359 http fetch GET 200 https://registry.npmjs.org/domutils/-/domutils-3.2.2.tgz 4156ms (cache miss)
1360 http fetch GET 200 https://registry.npmjs.org/@babel/generator/-/generator-7.26.8.tgz 4033ms (cache miss)
1361 http fetch GET 200 https://registry.npmjs.org/entities/-/entities-4.5.0.tgz 4245ms (cache miss)
1362 http fetch GET 200 https://registry.npmjs.org/@babel/traverse/-/traverse-7.26.8.tgz 4220ms (cache miss)
1363 http fetch GET 200 https://registry.npmjs.org/css-select/-/css-select-5.1.0.tgz 4448ms (cache miss)
1364 http fetch GET 200 https://registry.npmjs.org/svgo/-/svgo-3.3.2.tgz 4671ms (cache miss)
1365 http fetch GET 200 https://registry.npmjs.org/csso/-/csso-5.0.5.tgz 4917ms (cache miss)
1366 http fetch GET 200 https://registry.npmjs.org/@babel/core/-/core-7.26.8.tgz 4963ms (cache miss)
1367 http fetch GET 200 https://registry.npmjs.org/@babel/types/-/types-7.26.8.tgz 5316ms (cache miss)
1368 http fetch GET 200 https://registry.npmjs.org/@babel/helpers/-/helpers-7.26.7.tgz 5366ms (cache miss)
1369 http fetch GET 200 https://registry.npmjs.org/css-tree/-/css-tree-2.3.1.tgz 5610ms (cache miss)
1370 http fetch GET 200 https://registry.npmjs.org/css-tree/-/css-tree-2.2.1.tgz 5416ms (cache miss)
1371 http fetch GET 200 https://registry.npmjs.org/regenerate-unicode-properties/-/regenerate-unicode-properties-10.2.0.tgz 5731ms (cache miss)
1372 http fetch GET 200 https://registry.npmjs.org/caniuse-lite/-/caniuse-lite-1.0.30001699.tgz 5978ms (cache miss)
1373 silly ADD node_modules/yallist
1374 silly ADD node_modules/unicode-property-aliases-ecmascript
1375 silly ADD node_modules/unicode-canonical-property-names-ecmascript
1376 silly ADD node_modules/dom-serializer
1377 silly ADD node_modules/domelementtype
1378 silly ADD node_modules/mdn-data
1379 silly ADD node_modules/nth-check
1380 silly ADD node_modules/domutils
1381 silly ADD node_modules/domhandler
1382 silly ADD node_modules/boolbase
1383 silly ADD node_modules/csso
1384 silly ADD node_modules/csso/node_modules/mdn-data
1385 silly ADD node_modules/csso/node_modules/css-tree
1386 silly ADD node_modules/css-what
1387 silly ADD node_modules/css-tree
1388 silly ADD node_modules/css-select
1389 silly ADD node_modules/@trysound/sax
1390 silly ADD node_modules/lower-case
1391 silly ADD node_modules/no-case
1392 silly ADD node_modules/dot-case
1393 silly ADD node_modules/unicode-match-property-value-ecmascript
1394 silly ADD node_modules/unicode-match-property-ecmascript
1395 silly ADD node_modules/regjsparser
1396 silly ADD node_modules/regjsparser/node_modules/jsesc
1397 silly ADD node_modules/regjsgen
1398 silly ADD node_modules/regenerate-unicode-properties
1399 silly ADD node_modules/regenerate
1400 silly ADD node_modules/is-arrayish
1401 silly ADD node_modules/json-parse-even-better-errors
1402 silly ADD node_modules/error-ex
1403 silly ADD node_modules/parse-json
1404 silly ADD node_modules/lodash.debounce
1405 silly ADD node_modules/@babel/helper-define-polyfill-provider
1406 silly ADD node_modules/svgo
1407 silly ADD node_modules/svgo/node_modules/commander
1408 silly ADD node_modules/deepmerge
1409 silly ADD node_modules/entities
1410 silly ADD node_modules/svg-parser
1411 silly ADD node_modules/@svgr/hast-util-to-babel-ast
1412 silly ADD node_modules/@svgr/babel-plugin-transform-svg-component
1413 silly ADD node_modules/@svgr/babel-plugin-transform-react-native-svg
1414 silly ADD node_modules/@svgr/babel-plugin-svg-em-dimensions
1415 silly ADD node_modules/@svgr/babel-plugin-svg-dynamic-title
1416 silly ADD node_modules/@svgr/babel-plugin-replace-jsx-attribute-value
1417 silly ADD node_modules/@svgr/babel-plugin-remove-jsx-empty-expression
1418 silly ADD node_modules/@svgr/babel-plugin-remove-jsx-attribute
1419 silly ADD node_modules/@svgr/babel-plugin-add-jsx-attribute
1420 silly ADD node_modules/snake-case
1421 silly ADD node_modules/cosmiconfig
1422 silly ADD node_modules/camelcase
1423 silly ADD node_modules/@svgr/babel-preset
1424 silly ADD node_modules/@babel/helper-string-parser
1425 silly ADD node_modules/@babel/plugin-syntax-typescript
1426 silly ADD node_modules/@babel/plugin-transform-typescript
1427 silly ADD node_modules/@babel/plugin-syntax-jsx
1428 silly ADD node_modules/@babel/plugin-transform-react-pure-annotations
1429 silly ADD node_modules/@babel/plugin-transform-react-jsx-development
1430 silly ADD node_modules/@babel/plugin-transform-react-jsx
1431 silly ADD node_modules/@babel/plugin-transform-react-display-name
1432 silly ADD node_modules/regenerator-transform
1433 silly ADD node_modules/@babel/helper-replace-supers
1434 silly ADD node_modules/@babel/helper-optimise-call-expression
1435 silly ADD node_modules/@babel/helper-member-expression-to-functions
1436 silly ADD node_modules/@babel/helper-create-class-features-plugin
1437 silly ADD node_modules/@babel/helper-create-class-features-plugin/node_modules/semver
1438 silly ADD node_modules/@babel/helper-wrap-function
1439 silly ADD node_modules/@babel/helper-remap-async-to-generator
1440 silly ADD node_modules/regexpu-core
1441 silly ADD node_modules/@babel/helper-annotate-as-pure
1442 silly ADD node_modules/@babel/helper-create-regexp-features-plugin
1443 silly ADD node_modules/@babel/helper-create-regexp-features-plugin/node_modules/semver
1444 silly ADD node_modules/@babel/helper-skip-transparent-expression-wrappers
1445 silly ADD node_modules/core-js-compat
1446 silly ADD node_modules/babel-plugin-polyfill-regenerator
1447 silly ADD node_modules/babel-plugin-polyfill-corejs3
1448 silly ADD node_modules/babel-plugin-polyfill-corejs2
1449 silly ADD node_modules/babel-plugin-polyfill-corejs2/node_modules/semver
1450 silly ADD node_modules/@babel/preset-modules
1451 silly ADD node_modules/@babel/plugin-transform-unicode-sets-regex
1452 silly ADD node_modules/@babel/plugin-transform-unicode-regex
1453 silly ADD node_modules/@babel/plugin-transform-unicode-property-regex
1454 silly ADD node_modules/@babel/plugin-transform-unicode-escapes
1455 silly ADD node_modules/@babel/plugin-transform-typeof-symbol
1456 silly ADD node_modules/@babel/plugin-transform-template-literals
1457 silly ADD node_modules/@babel/plugin-transform-sticky-regex
1458 silly ADD node_modules/@babel/plugin-transform-spread
1459 silly ADD node_modules/@babel/plugin-transform-shorthand-properties
1460 silly ADD node_modules/@babel/plugin-transform-reserved-words
1461 silly ADD node_modules/@babel/plugin-transform-regexp-modifiers
1462 silly ADD node_modules/@babel/plugin-transform-regenerator
1463 silly ADD node_modules/@babel/plugin-transform-property-literals
1464 silly ADD node_modules/@babel/plugin-transform-private-property-in-object
1465 silly ADD node_modules/@babel/plugin-transform-private-methods
1466 silly ADD node_modules/@babel/plugin-transform-parameters
1467 silly ADD node_modules/@babel/plugin-transform-optional-chaining
1468 silly ADD node_modules/@babel/plugin-transform-optional-catch-binding
1469 silly ADD node_modules/@babel/plugin-transform-object-super
1470 silly ADD node_modules/@babel/plugin-transform-object-rest-spread
1471 silly ADD node_modules/@babel/plugin-transform-numeric-separator
1472 silly ADD node_modules/@babel/plugin-transform-nullish-coalescing-operator
1473 silly ADD node_modules/@babel/plugin-transform-new-target
1474 silly ADD node_modules/@babel/plugin-transform-named-capturing-groups-regex
1475 silly ADD node_modules/@babel/plugin-transform-modules-umd
1476 silly ADD node_modules/@babel/plugin-transform-modules-systemjs
1477 silly ADD node_modules/@babel/plugin-transform-modules-commonjs
1478 silly ADD node_modules/@babel/plugin-transform-modules-amd
1479 silly ADD node_modules/@babel/plugin-transform-member-expression-literals
1480 silly ADD node_modules/@babel/plugin-transform-logical-assignment-operators
1481 silly ADD node_modules/@babel/plugin-transform-literals
1482 silly ADD node_modules/@babel/plugin-transform-json-strings
1483 silly ADD node_modules/@babel/plugin-transform-function-name
1484 silly ADD node_modules/@babel/plugin-transform-for-of
1485 silly ADD node_modules/@babel/plugin-transform-export-namespace-from
1486 silly ADD node_modules/@babel/plugin-transform-exponentiation-operator
1487 silly ADD node_modules/@babel/plugin-transform-dynamic-import
1488 silly ADD node_modules/@babel/plugin-transform-duplicate-named-capturing-groups-regex
1489 silly ADD node_modules/@babel/plugin-transform-duplicate-keys
1490 silly ADD node_modules/@babel/plugin-transform-dotall-regex
1491 silly ADD node_modules/@babel/plugin-transform-destructuring
1492 silly ADD node_modules/@babel/plugin-transform-computed-properties
1493 silly ADD node_modules/@babel/plugin-transform-classes
1494 silly ADD node_modules/@babel/plugin-transform-classes/node_modules/globals
1495 silly ADD node_modules/@babel/plugin-transform-class-static-block
1496 silly ADD node_modules/@babel/plugin-transform-class-properties
1497 silly ADD node_modules/@babel/plugin-transform-block-scoping
1498 silly ADD node_modules/@babel/plugin-transform-block-scoped-functions
1499 silly ADD node_modules/@babel/plugin-transform-async-to-generator
1500 silly ADD node_modules/@babel/plugin-transform-async-generator-functions
1501 silly ADD node_modules/@babel/plugin-transform-arrow-functions
1502 silly ADD node_modules/@babel/plugin-syntax-unicode-sets-regex
1503 silly ADD node_modules/@babel/plugin-syntax-import-attributes
1504 silly ADD node_modules/@babel/plugin-syntax-import-assertions
1505 silly ADD node_modules/@babel/plugin-proposal-private-property-in-object
1506 silly ADD node_modules/@babel/plugin-bugfix-v8-static-class-fields-redefine-readonly
1507 silly ADD node_modules/@babel/plugin-bugfix-v8-spread-parameters-in-optional-chaining
1508 silly ADD node_modules/@babel/plugin-bugfix-safari-id-destructuring-collision-in-function-expression
1509 silly ADD node_modules/@babel/plugin-bugfix-safari-class-field-initializer-scope
1510 silly ADD node_modules/@babel/plugin-bugfix-firefox-class-in-computed-class-key
1511 silly ADD node_modules/@babel/helper-plugin-utils
1512 silly ADD node_modules/@babel/helper-module-imports
1513 silly ADD node_modules/@babel/helper-validator-option
1514 silly ADD node_modules/@babel/compat-data
1515 silly ADD node_modules/jsesc
1516 silly ADD node_modules/@babel/helper-validator-identifier
1517 silly ADD node_modules/gensync
1518 silly ADD node_modules/convert-source-map
1519 silly ADD node_modules/@types/gensync
1520 silly ADD node_modules/@babel/types
1521 silly ADD node_modules/@babel/traverse
1522 silly ADD node_modules/@babel/traverse/node_modules/globals
1523 silly ADD node_modules/@babel/template
1524 silly ADD node_modules/@babel/parser
1525 silly ADD node_modules/@babel/helpers
1526 silly ADD node_modules/@babel/helper-module-transforms
1527 silly ADD node_modules/@babel/helper-compilation-targets
1528 silly ADD node_modules/@babel/helper-compilation-targets/node_modules/semver
1529 silly ADD node_modules/@babel/helper-compilation-targets/node_modules/lru-cache
1530 silly ADD node_modules/@babel/generator
1531 silly ADD node_modules/@babel/code-frame
1532 silly ADD node_modules/@ampproject/remapping
1533 silly ADD node_modules/@svgr/plugin-svgo
1534 silly ADD node_modules/@svgr/plugin-jsx
1535 silly ADD node_modules/@svgr/core
1536 silly ADD node_modules/@babel/preset-typescript
1537 silly ADD node_modules/@babel/preset-react
1538 silly ADD node_modules/@babel/preset-env
1539 silly ADD node_modules/@babel/preset-env/node_modules/semver
1540 silly ADD node_modules/@babel/plugin-transform-react-constant-elements
1541 silly ADD node_modules/@babel/core
1542 silly ADD node_modules/@babel/core/node_modules/semver
1543 silly ADD node_modules/@babel/core/node_modules/json5
1544 silly ADD node_modules/@svgr/webpack
1545 silly ADD
1546 silly ADD
1547 silly ADD
1548 silly ADD
1549 silly ADD
1550 silly ADD
1551 silly ADD
1552 silly ADD
1553 silly ADD
1554 silly CHANGE node_modules/node-releases
1555 silly CHANGE node_modules/electron-to-chromium
1556 silly CHANGE node_modules/caniuse-lite
1557 silly CHANGE node_modules/browserslist
1558 verbose cwd E:\sultan\project
1559 verbose os Windows_NT 10.0.22631
1560 verbose node v18.20.5
1561 verbose npm  v10.8.2
1562 verbose exit 0
1563 info ok
